ticker,episode_id,start_time,end_time,duration,direction,total_return,lr_slope_5,lr_slope_5_norm,lr_fit_r2_5,trend_quality,avg_volume,avg_volume_norm,max_volume,avg_rsi,avg_rsi_norm,avg_volatility,avg_volatility_norm,obv_change,obv_change_norm,avg_vwap,avg_vwap_norm,price_start,price_end,price_delta,price_start_norm,price_end_norm,rsi_start,rsi_end,rsi_start_norm,rsi_end_norm,vwap_start,vwap_end,vwap_start_norm,vwap_end_norm,obv_start,obv_end,obv_start_norm,obv_end_norm,ema_start,ema_end,ema_start_norm,ema_end_norm
UNH_ONE_DAY,UNH_ONE_DAY_2023-03-10T05:00:00_2023-04-13T04:00:00,2023-03-10T05:00:00,2023-04-13T04:00:00,24,up,0.1431581691395305,2.616360869565218,0.005683663609943341,0.7596371003520936,strong,3398610.0833333335,3.1008912375491646,5283091,52.08554840609907,0.10989732914828128,0.019580841615960003,-6.400779149187486,37925387,1.3336329806642298,504.89353753019503,-0.7446505535853837,460.33,526.23,65.90000000000003,-2.2163545097310813,-0.6613990786647643,15.07120966288079,81.70457104255797,-2.5316032633622063,2.2236367204300587,508.14897216121904,503.9941548454172,-0.2960435140115197,-0.8685877384445465,-24195838,13729549,-1.9008994211492372,-0.5672664404850074,475.93079771334334,501.627265582925,-1.6221958455791858,-1.0836127843527332
UNH_ONE_DAY,UNH_ONE_DAY_2023-04-13T04:00:00_2023-07-13T04:00:00,2023-04-13T04:00:00,2023-07-13T04:00:00,63,down,-0.1491363092184026,-0.5430438748079878,-0.001031951570241126,0.5355569355250283,weak,3568595.9206349207,3.2746154651342394,14672359,46.208727843805455,-0.3094975735965518,0.01759864782653102,-5.369469497308762,-52617646,-1.850281134125679,500.8505685228913,-1.3017818011831486,526.23,447.75,-78.48000000000002,-0.6613990786647643,-2.5131881868602806,81.70457104255797,22.895739521995168,2.2236367204300587,-1.9732115438085647,503.9941548454172,495.15581785480197,-0.8685877384445465,-2.086532695572689,13729549,-38888097,-0.5672664404850074,-2.4175475746106865,501.627265582925,466.02201642448284,-1.0836127843527332,-1.8298781537728044
UNH_ONE_DAY,UNH_ONE_DAY_2023-07-13T04:00:00_2023-12-01T00:00:00,2023-07-13T04:00:00,2023-12-01T00:00:00,594,up,0.2400670016750419,0.08437160993356409,0.0001884346397176194,0.7595315569118799,strong,723012.803030303,0.36645124991244116,11379660,51.382460875004085,0.0597220134994391,0.006468107481293877,-7.352601057875834,47022137,1.6535170155155374,498.4073175325016,-1.6384679024149646,447.75,555.24,107.49000000000001,-2.5131881868602806,0.023111650549709307,22.895739521995168,68.57011915673687,-1.9732115438085647,1.2863063880043943,495.15581785480197,503.70249384394754,-2.086532695572689,-0.9087793543908619,-38888097,8134040,-2.4175475746106865,-0.764030559095149,466.02201642448284,548.7637411008637,-1.8298781537728044,-0.09565959916306549
UNH_ONE_HOUR,UNH_ONE_HOUR_2023-12-01T00:00:00_2024-01-25T17:00:00,2023-12-01T00:00:00,2024-01-25T17:00:00,423,down,-0.1357701174266983,-0.08009200114091607,-0.000144247534653332,0.475520400085246,weak,623110.3617021276,0.26435171780372385,14671004,49.39653064914689,-0.08200241131545073,0.006067434967168556,-8.248605839111665,-38080276,-1.3390795982225978,506.7928858495241,-0.48291560165796954,555.24,479.855,-75.38499999999999,0.023111650549709307,-1.755648822453845,68.57011915673687,15.5985144271974,1.2863063880043943,-2.493972553354422,503.70249384394754,508.1470973081633,-0.9087793543908619,-0.2963018734548158,8134040,-29946236,-0.764030559095149,-2.103110157317747,548.7637411008637,496.30638046509415,-0.09565959916306549,-1.1951354500257052
UNH_ONE_HOUR,UNH_ONE_HOUR_2024-01-25T17:00:00_2024-02-26T14:00:00,2024-01-25T17:00:00,2024-02-26T14:00:00,234,up,0.10670931843994524,0.11768965049439337,0.0002452608610817713,0.7949113615765446,strong,620037.452991453,0.26121122856841045,6212173,53.28075268106569,0.1951921880514086,0.0052072193676511004,-2.889983389287028,37172573,1.307160539428343,508.12757827077456,-0.2989916456575414,479.855,531.06,51.20499999999993,-1.755648822453845,-0.5474319355380542,15.5985144271974,68.09328549461821,-2.493972553354422,1.2522775104455284,508.1470973081633,508.53956924280124,-0.2963018734548158,-0.2422182586170775,-29946236,7226337,-2.103110157317747,-0.7959496178894038,496.30638046509415,526.6006712145568,-1.1951354500257052,-0.5601846882191022
UNH_ONE_HOUR,UNH_ONE_HOUR_2024-02-26T14:00:00_2024-04-12T18:00:00,2024-02-26T14:00:00,2024-04-12T18:00:00,414,down,-0.17744699280683907,-0.11403232778254824,-0.00021472588367142743,0.5331897076864438,weak,748568.463768116,0.39256894002462306,11867018,46.59851283448069,-0.2816808593506689,0.005738049186005943,-1.6896719367040702,-61089348,-2.1481855744827176,506.38132060865735,-0.5396303218790739,531.06,436.825,-94.23499999999996,-0.5474319355380542,-2.7709710105992715,68.09328549461821,27.709932102608377,1.2522775104455284,-1.6296502919820866,508.53956924280124,503.03726189234914,-0.2422182586170775,-1.0004499822058106,7226337,-53863011,-0.7959496178894038,-2.9441351923721215,526.6006712145568,441.06051949941394,-0.5601846882191022,-2.3530566503245622
UNH_ONE_HOUR,UNH_ONE_HOUR_2024-04-12T18:00:00_2024-10-14T19:05:00,2024-04-12T18:00:00,2024-10-14T19:05:00,3504,up,0.391632804898987,0.03908125484390555,0.00008946661670899228,0.7877163685235826,strong,338252.14212328766,-0.026771207218521283,22718615,51.42475836618417,0.06274054231305817,0.004640477849287089,3.125636004129031,107274442,3.772268265411557,506.4529630068948,-0.529757820101616,436.825,607.9,171.075,-2.7709710105992715,1.2656602544943552,27.709932102608377,66.83587140439981,-1.6296502919820866,1.1625430946185942,503.03726189234914,514.9345824526707,-1.0004499822058106,0.6390305665859799,-53863011,53411431,-2.9441351923721215,0.8281330730394358,441.06051949941394,606.9745800247482,-2.3530566503245622,1.1244058192946198
UNH_FIVE_MINUTE,UNH_FIVE_MINUTE_2024-10-14T19:05:00_2024-10-15T13:00:00,2024-10-14T19:05:00,2024-10-15T13:00:00,73,down,-0.10120085540384927,-0.5259327101073674,-0.0008651632013610256,0.6713499587076877,weak,225070.13698630137,-0.14244235212730544,11939357,45.65549483059915,-0.34897863368839616,0.0038689487957600474,6.838654727044731,-14903625,-0.5240807649886849,515.0586195220017,0.6561231851689703,607.9,546.38,-61.51999999999998,1.2656602544943552,-0.18594609025829648,66.83587140439981,20.48303271170883,1.1625430946185942,-2.1453925602827044,514.9345824526707,515.1694737472587,0.6390305665859799,0.671399174845717,53411431,38507806,0.8281330730394358,0.30405230805075084,606.9745800247482,576.7377787494438,1.1244058192946198,0.4906600035194162
UNH_ONE_HOUR,UNH_ONE_HOUR_2024-10-15T13:00:00_2024-11-08T19:08:00,2024-10-15T13:00:00,2024-11-08T19:08:00,3133,up,0.1339360884366192,0.018341582752085372,0.00003356927916850062,0.7183123874615467,strong,61258.351101180975,-0.3098567463143579,6591301,50.5875175934908,0.0029914809429381056,0.0018200415834204594,2.1313891237341154,18499433,0.6505260967380033,517.2633511798543,0.959940725431565,546.38,619.56,73.17999999999995,-0.18594609025829648,1.5407859043613232,20.48303271170883,67.97033756937833,-2.1453925602827044,1.2435034237430178,515.1694737472587,518.7462946361362,0.671399174845717,1.1642940450893644,38507806,57007239,0.30405230805075084,0.9545784047887541,576.7377787494438,618.4395815744545,0.4906600035194162,1.3647056014649284
UUP_ONE_HOUR,UUP_ONE_HOUR_2023-12-28T13:00:00_2024-11-06T13:02:00,2023-12-28T13:00:00,2024-11-06T13:02:00,5606,up,0.10063126624582264,0.0001866737565028966,0.000006931814203598091,0.39419964011895514,weak,88179.9427399215,-0.14420005153789897,5172291,50.98601246562487,0.015044140733305981,0.0007045569085635559,-0.08144221744915427,38776310,2.6442259705495887,28.516649669357243,-0.071628493053393,26.93,29.64,2.710000000000001,-3.109359458555753,1.369491779153475,33.94115209283032,51.004016064257186,-1.059958428220494,0.016179609980741406,28.608874109356588,28.52375847012457,0.9480668080290979,0.006971178994374955,-12844478,25931832,-1.6235332409555958,1.0206927295939932,26.98985745258555,29.57859888807426,-1.2871904230924591,0.598831838337915
YCL_ONE_DAY,YCL_ONE_DAY_2023-01-13T05:00:00_2023-11-10T22:00:00,2023-01-13T05:00:00,2023-11-10T22:00:00,550,down,-0.33731148844090175,-0.015711209335327617,-0.0004336375647322643,0.6659743509085199,weak,12888.063636363637,0.16549545412079297,153379,44.25906467633229,-0.26235668402101775,0.004372555959949304,0.09398962828154993,-1089309,-1.3624387143411205,30.350082971668037,2.5591672263422853,36.2312,24.01,-12.2212,5.908361813082739,0.25335767649405966,64.3830294239536,29.140592407175788,1.0197195771932452,-1.2255383753625744,31.879714605869616,28.650201837127458,3.3862314433039304,1.6400499512863698,676789,-412520,2.2084131330025354,0.845974418661415,34.23330746309753,24.157497826467644,4.526847851593991,0.31191781565934307
YCL_ONE_HOUR,YCL_ONE_HOUR_2023-11-10T22:00:00_2023-12-28T11:00:00,2023-11-10T22:00:00,2023-12-28T11:00:00,349,up,0.14827155351936683,0.009256213954013581,0.00038551495018798753,0.8686392759941279,strong,14944.148997134671,0.25773156333012986,314945,53.19852615263356,0.307166841315112,0.003716506443069223,0.1012956727716697,605283,0.7570496455390862,27.97397243315983,1.2744160758005,24.01,27.57,3.5599999999999987,0.25335767649405966,1.9006439271286693,29.140592407175788,71.82791156175193,-1.2255383753625744,1.494025052089169,28.650201837127458,27.648181861466398,1.6400499512863698,1.0982627340112658,-412520,192763,0.845974418661415,1.6030240642005011,24.157497826467644,27.207303716953845,0.31191781565934307,1.5877178669870589
YCL_ONE_HOUR,YCL_ONE_HOUR_2023-12-28T11:00:00_2024-07-10T13:00:00,2023-12-28T11:00:00,2024-07-10T13:00:00,1964,down,-0.27421109902067464,-0.0028227517558056603,-0.00010238490227804354,0.8962626002073873,strong,9975.810590631365,0.03485161262646177,257119,45.255805783285695,-0.19885537462062536,0.002310553148544521,-0.12830221529445862,-2812530,-3.517734414427707,26.171641163258744,0.2999045220927722,27.57,20.01,-7.559999999999999,1.9006439271286693,-1.5975257511852776,71.82791156175193,21.880021424745962,1.494025052089169,-1.6881015837648705,27.648181861466398,24.85132911118441,1.0982627340112658,-0.41398163786746367,192763,-2619767,1.6030240642005011,-1.9147103502272058,27.207303716953845,20.119606806965425,1.5877178669870589,-1.377219708143981
YCL_ONE_HOUR,YCL_ONE_HOUR_2024-07-10T13:00:00_2024-08-05T10:00:00,2024-07-10T13:00:00,2024-08-05T10:00:00,394,up,0.28385807096451776,0.008707138853995553,0.00043513937301327096,0.842598628246545,strong,15605.850253807106,0.28741552029945877,563407,55.01363352382877,0.42280538974973153,0.0037576249304349246,-0.09414146870141955,2012474,2.517075034911978,24.599474063730376,-0.5501584094201444,20.01,25.69,5.68,-1.5975257511852776,1.0307287161193812,21.880021424745962,85.66151004386975,-1.6881015837648705,2.375348809287131,24.85132911118441,24.46620939084622,-0.41398163786746367,-0.6222139552542896,-2619767,-607293,-1.9147103502272058,0.602364684684772,20.119606806965425,24.889864430504357,-1.377219708143981,0.6182826744641073
YCL_ONE_HOUR,YCL_ONE_HOUR_2024-08-05T10:00:00_2024-08-15T23:00:00,2024-08-05T10:00:00,2024-08-15T23:00:00,291,down,-0.10471000389256524,-0.004686096499130749,-0.00018240936158547095,0.5844887411648103,weak,12703.192439862543,0.1572021214627845,292181,46.77830495718069,-0.10185858134210864,0.0037368393973058536,0.1137888627656086,-69381,-0.08677736109744916,24.470639524346748,-0.619818604103904,25.69,23,-2.6900000000000013,1.0307287161193812,-0.21399038899497375,85.66151004386975,20.675944333995858,2.375348809287131,-1.7648120468412438,24.46620939084622,24.451369605056506,-0.6222139552542896,-0.6302377536248398,-607293,-676674,0.602364684684772,0.5155873235873228,24.889864430504357,23.2169237819414,0.6182826744641073,-0.08154473814692466
YCL_ONE_HOUR,YCL_ONE_HOUR_2024-08-15T23:00:00_2024-09-16T12:15:00,2024-08-15T23:00:00,2024-09-16T12:15:00,770,up,0.14391304347826073,0.0023336208455643965,0.0001014617758941042,0.7206875358338197,strong,7598.174025974026,-0.0718093023443095,148479,54.38736661551302,0.3829065951331999,0.002652313109797466,0.136770473438484,69399,0.08679987435755998,24.458880487703425,-0.6261766567331717,23,26.31,3.3099999999999987,-0.21399038899497375,1.3176156474096774,20.675944333995858,75.90361445783137,-1.7648120468412438,1.7536837225528665,24.451369605056506,24.505756140185042,-0.6302377536248398,-0.600831224573276,-676674,-607275,0.5155873235873228,0.6023871979448828,23.2169237819414,26.10772053041763,-0.08154473814692466,1.127738335109916
YCL_FIFTEEN_MINUTE,YCL_FIFTEEN_MINUTE_2024-09-16T12:15:00_2024-11-06T16:40:00,2024-09-16T12:15:00,2024-11-06T16:40:00,2178,down,-0.19356898517673893,-0.001826784321096106,-0.00006943307947913745,0.826560643148224,strong,5933.097337006428,-0.14650473973020842,195533,47.93674114092233,-0.0280558516149853,0.0014273580069871943,-0.009362444223196561,-1768716,-2.2121979650168764,24.434028037836217,-0.639614252772235,26.31,21.2172,-5.0928,1.3176156474096774,-1.0389291327116552,75.90361445783137,14.258555133080236,1.7536837225528665,-2.1736570461567597,24.505756140185042,24.250369177437477,-0.600831224573276,-0.7389176851591144,-607275,-2375991,0.6023871979448828,-1.6098107670719937,26.10772053041763,21.283974004534976,1.127738335109916,-0.8901396172249086
GLD_ONE_DAY,GLD_ONE_DAY_2023-05-04T04:00:00_2023-10-05T15:00:00,2023-05-04T04:00:00,2023-10-05T15:00:00,285,down,-0.11573198907792481,-0.05347122001793612,-0.0002807772527721913,0.8548624064840706,strong,2769940.5719298245,1.5546427674617618,14146787,43.10347123497486,-0.5565142545798801,0.0037955586024077588,-0.32214769931113885,-159186517,-3.746109957957936,177.04692564692476,-1.890940690517559,190.44,168.4,-22.039999999999992,-1.6056599660638988,-2.519335695458222,63.70967741935479,45.77922077922083,0.7800583363528327,-0.38295811964462834,175.17237878736233,176.78511670112704,-2.1147770697348824,-1.92220284124755,193362758,34176241,0.524440557485896,-3.2216694004720403,186.4646548942277,168.82886645041117,-1.688655832581748,-2.389393162746833
GLD_ONE_HOUR,GLD_ONE_HOUR_2023-10-05T15:00:00_2024-10-30T18:05:00,2023-10-05T15:00:00,2024-10-30T18:05:00,9741,up,0.5301662707838479,0.007707175876058077,0.000045767077648800934,0.9304305829879158,strong,417135.0866440817,-0.020486877025294736,30884006,52.61767612452984,0.06060203388746527,0.001716290658144022,0.7112317427327088,186148190,4.380594546300966,191.06777298606903,-0.21673570281963783,168.4,257.68,89.28,-2.519335695458222,1.1817972047380223,45.77922077922083,65.92592592592658,-0.38295811964462834,0.9238100285408309,176.78511670112704,200.16103656201312,-1.92220284124755,0.8690750805838492,34176241,220324431,-3.2216694004720403,1.1589251458289254,168.82886645041117,257.52277558241536,-2.389393162746833,1.1347550932307313
USO_ONE_DAY,USO_ONE_DAY_2022-12-08T05:00:00_2023-01-20T05:00:00,2022-12-08T05:00:00,2023-01-20T05:00:00,29,up,0.14096635305373928,0.1805172413793103,0.002878603753457348,0.40407844898509127,weak,3722473.4827586208,4.125986439500985,8334647,50.223546314906635,-0.025148558395987782,0.02422040045864712,-0.9259867877891057,44848902,2.370393643269317,68.71063103316975,-2.7913816360729404,62.71,71.55,8.839999999999996,-3.332322978102372,-0.7407523632020614,27.443837279902894,58.70818915801615,-1.4840042125990471,0.5182240178974039,69.63900581558185,68.55339128497062,-1.9255294784293264,-2.938031865942205,-32314972,12533930,-3.0517831861494797,-0.681389542880163,67.53520115493207,68.8435516412595,-1.5533812250787182,-1.2388869351876142
USO_ONE_DAY,USO_ONE_DAY_2023-01-20T05:00:00_2023-03-17T04:00:00,2023-01-20T05:00:00,2023-03-17T04:00:00,40,down,-0.18015373864430473,-0.16409287054409014,-0.002293401405228374,0.4178525059272282,weak,3467394.6,3.822885919638775,13746538,48.280456077192696,-0.14958773255575925,0.026861664341231828,-1.006337473575256,-42154260,-2.2279740525358243,68.41094887519326,-3.070881303671686,71.55,58.66,-12.89,-0.7407523632020614,-4.519637569770502,58.70818915801615,28.83435582822085,0.5182240178974039,-1.3949527746122516,68.55339128497062,67.49976498308014,-2.938031865942205,-3.9207003142079326,12533930,-29620330,-0.681389542880163,-2.909363595415987,68.8435516412595,64.23540821025269,-1.2388869351876142,-2.3465677983780897
USO_ONE_DAY,USO_ONE_DAY_2023-03-17T04:00:00_2023-04-12T04:00:00,2023-03-17T04:00:00,2023-04-12T04:00:00,18,up,0.2347425843845894,0.8206295149638805,0.013989592822432331,0.9417837213567385,strong,4350122.111111111,4.87179739604523,9066526,54.945098456417924,0.27722857151704033,0.02217358700175107,-0.7610914961470114,35944428,1.8997665459491435,67.19472705323444,-4.205195062152082,58.66,72.43,13.77000000000001,-4.519637569770502,-0.48276795809886014,28.83435582822085,88.69814020028618,-1.3949527746122516,2.438837208349482,67.49976498308014,67.27614501944265,-3.9207003142079326,-4.129260296314124,-29620330,6324098,-2.909363595415987,-1.0095970494668436,64.23540821025269,68.23867079610397,-2.3465677983780897,-1.38428495647769
USO_ONE_DAY,USO_ONE_DAY_2023-04-12T04:00:00_2023-06-12T04:00:00,2023-04-12T04:00:00,2023-06-12T04:00:00,43,down,-0.16830042799944778,-0.18588794926004235,-0.002566449665332629,0.5343305881855545,weak,3997805.930232558,4.45315349881125,12166711,48.82457420459918,-0.11474137848242306,0.021178209503327394,-0.646618203622238,-34089179,-1.8017112928621952,66.98934145622962,-4.396748695107835,72.43,60.24,-12.190000000000005,-0.48276795809886014,-4.056438296971576,88.69814020028618,39.496279336004584,2.438837208349482,-0.7121430262476031,67.27614501944265,66.44610565406745,-4.129260296314124,-4.903399565340747,6324098,-27765081,-1.0095970494668436,-2.811308342329039,68.23867079610397,63.18866444873996,-1.38428495647769,-2.5981784634216347
USO_ONE_DAY,USO_ONE_DAY_2023-06-12T04:00:00_2023-09-27T16:00:00,2023-06-12T04:00:00,2023-09-27T16:00:00,159,up,0.3794820717131473,0.11734719070933843,0.0019479945336875568,0.7385902836040608,strong,1485339.314465409,1.4676851247157614,6660528,58.18339907795643,0.4846154685349694,0.010404243952083121,-3.0409020578616555,76140375,4.024238116155932,67.35318670061075,-4.057407088825447,60.24,83.1,22.859999999999992,-4.056438296971576,2.645292953777417,39.496279336004584,70.29520295202936,-0.7121430262476031,1.2602782979916025,66.44610565406745,68.19414205871864,-4.903399565340747,-3.273086979001056,-27765081,48375294,-2.811308342329039,1.2129297738268936,63.18866444873996,81.96543293284165,-2.5981784634216347,1.9152806842362964
USO_ONE_HOUR,USO_ONE_HOUR_2023-09-27T16:00:00_2023-10-06T13:00:00,2023-09-27T16:00:00,2023-10-06T13:00:00,113,down,-0.11263537906137189,-0.08880755040255507,-0.001068682916998256,0.8979125562716932,strong,509255.91150442476,0.30784239815688474,7853801,42.505219686518046,-0.5194447948188722,0.0065700392351519905,6.7388251398804115,-29822860,-1.5762240459779993,68.50766235336934,-2.9806811223027094,83.1,73.74,-9.36,2.645292953777417,-0.0987229914111478,70.29520295202936,48.10213940648727,1.2602782979916025,-0.16100746943200908,68.19414205871864,68.78640840958437,-3.273086979001056,-2.720707587065822,48375294,18552434,1.2129297738268936,-0.3632942721511057,81.96543293284165,74.15277685068598,1.9152806842362964,0.03731621493119036
USO_ONE_HOUR,USO_ONE_HOUR_2023-10-06T13:00:00_2023-10-20T09:00:00,2023-10-06T13:00:00,2023-10-20T09:00:00,167,up,0.11160835367507471,0.034323267750213875,0.00046546335435603307,0.7239328860915243,strong,623118.3473053892,0.4431407933466907,6892099,54.95921608812152,0.2781326913547027,0.006632689979579401,0.11334061617469503,24364610,1.287739812777045,69.22958298483145,-2.3073791883845187,73.74,81.97,8.230000000000004,-0.0987229914111478,2.314017524497175,48.10213940648727,77.25409836065572,-0.16100746943200908,1.7059391226440368,68.78640840958437,69.73942376763969,-2.720707587065822,-1.8318743058604126,18552434,42917044,-0.3632942721511057,0.9244455406259392,74.15277685068598,81.10217022298518,0.03731621493119036,1.7077742127189708
USO_ONE_HOUR,USO_ONE_HOUR_2023-10-20T09:00:00_2023-12-13T09:00:00,2023-10-20T09:00:00,2023-12-13T09:00:00,618,down,-0.22166646334024642,-0.021150193988932205,-0.00025802359386278156,0.8382892297151792,strong,581774.3705501618,0.3940133206521407,9702228,47.75109135130374,-0.1834892508899985,0.007312487686593748,-0.15545184129964285,-67763891,-3.5815168110379796,70.36638630433033,-1.247135388518477,81.97,63.8,-18.17,2.314017524497175,-3.012774112690457,77.25409836065572,28.15275310834805,1.7059391226440368,-1.4386039020379209,69.73942376763969,70.2523832687855,-1.8318743058604126,-1.3534607392005098,42917044,-24846847,0.9244455406259392,-2.6570712704120405,81.10217022298518,64.62779010734401,1.7077742127189708,-2.252249137299549
USO_ONE_HOUR,USO_ONE_HOUR_2023-12-13T09:00:00_2024-04-05T17:00:00,2023-12-13T09:00:00,2024-04-05T17:00:00,1276,up,0.3025078369905956,0.010065206169782669,0.00015776185219095094,0.8334740980632995,strong,539069.2672413794,0.34326847312232694,13358717,52.783998445188615,0.13882763909794524,0.006103779149643453,-0.4802499961130201,70650555,3.7340853175279354,70.1081239737602,-1.4880047016434665,63.8,83.1,19.299999999999997,-3.012774112690457,2.645292953777417,28.15275310834805,60.76388888888869,-1.4386039020379209,0.6498749169988296,70.2523832687855,70.70122159534696,-1.3534607392005098,-0.9348500220107682,-24846847,45803708,-2.6570712704120405,1.0770140471158949,64.62779010734401,82.51489893159076,-2.252249137299549,2.0473583812309095
USO_ONE_HOUR,USO_ONE_HOUR_2024-04-05T17:00:00_2024-06-04T10:00:00,2024-04-05T17:00:00,2024-06-04T10:00:00,1166,down,-0.1534296028880866,-0.0060683362435846105,-0.00007302450353290747,0.6958814842227872,weak,268319.8361921098,0.02154723765224476,10203249,48.37264582056704,-0.14368372701404888,0.003626025610860626,0.468155522797196,-25319486,-1.3382077595845372,71.45251462717366,-0.2341538107892485,83.1,70.35,-12.75,2.645292953777417,-1.0925492792518783,60.76388888888869,22.92887339612848,0.6498749169988296,-1.7731510397268953,70.70122159534696,71.69565817503505,-0.9348500220107682,-0.007385086001275967,45803708,20484222,1.0770140471158949,-0.26119371246864237,82.51489893159076,71.18873729503989,2.0473583812309095,-0.6751637550795196
USO_THIRTY_MINUTE,USO_THIRTY_MINUTE_2024-06-04T10:00:00_2024-07-05T15:00:00,2024-06-04T10:00:00,2024-07-05T15:00:00,621,up,0.17199715707178398,0.016999688884078514,0.000241644475964158,0.9268236676903395,strong,127617.44766505636,-0.1456440509686998,4022868,54.79475023477754,0.2675999870209769,0.00310765856267201,-0.08191459829246131,11397866,0.6024100459189721,71.76483356435847,0.05713159544698934,70.35,82.45,12.100000000000009,-1.0925492792518783,2.4547362909171024,22.92887339612848,59.19117647058834,-1.7731510397268953,0.549155438960402,71.69565817503505,71.87003648025042,-0.007385086001275967,0.15524948214659456,20484222,31882088,-0.26119371246864237,0.3412163334503297,71.18873729503989,81.96219008572231,-0.6751637550795196,1.9145011859958176
USO_THIRTY_MINUTE,USO_THIRTY_MINUTE_2024-07-05T15:00:00_2024-08-05T11:30:00,2024-07-05T15:00:00,2024-08-05T11:30:00,612,down,-0.13644633110976345,-0.011721813035106367,-0.00014216874511954357,0.7685582750499766,strong,178759.13562091504,-0.08487433127096908,5001256,46.90640504675593,-0.23758455954928986,0.0037735423899661253,0.0310598118504946,-25886796,-1.3681917270351365,72.01327535791982,0.2888417485869222,82.45,71.2,-11.25,2.4547362909171024,-0.8433597970499227,59.19117647058834,22.420506164828026,0.549155438960402,-1.8057078387911243,71.87003648025042,72.11360931692147,0.15524948214659456,0.3824185847228722,31882088,5995292,0.3412163334503297,-1.0269753935848067,81.96219008572231,72.18632221911224,1.9145011859958176,-0.43536962836744253
USO_THIRTY_MINUTE,USO_THIRTY_MINUTE_2024-08-05T11:30:00_2024-08-12T18:00:00,2024-08-05T11:30:00,2024-08-12T18:00:00,245,up,0.11053370786516847,0.022648447967751662,0.0003180961793223548,0.9167729650656942,strong,179921.04081632654,-0.08349368358680505,4943996,58.312575788248076,0.49288818939855883,0.003654459088577084,0.16025316567256195,21197656,1.12035717250357,72.13352678891415,0.40099468828189094,71.2,79.07,7.86999999999999,-0.8433597970499227,1.4638416440434512,22.420506164828026,60.552268244575885,-1.8057078387911243,0.6363223306586162,72.11360931692147,72.16691876123394,0.3824185847228722,0.4321378341630725,5995292,27192948,-1.0269753935848067,0.09338177891876309,72.18632221911224,78.21107988738144,-0.43536962836744253,1.0128293859249162
USO_THIRTY_MINUTE,USO_THIRTY_MINUTE_2024-08-12T18:00:00_2024-09-10T15:30:00,2024-08-12T18:00:00,2024-09-10T15:30:00,1130,down,-0.1616302010876437,-0.007279646479270895,-0.00009206584645593646,0.6119015850630543,weak,143752.29115044247,-0.12647163106695625,4967787,47.43119227230569,-0.20397619299506994,0.003581531549983039,0.4867857525337452,-36230852,-1.9149048792996406,72.2509731878777,0.5105315045296865,79.07,66.2899,-12.78009999999999,1.4638416440434512,-2.2828248282967576,60.552268244575885,22.9815474989349,0.6363223306586162,-1.769777690550611,72.16691876123394,72.25331555188487,0.4321378341630725,0.5127161189417936,27192948,-9037904,0.09338177891876309,-1.8215231003808776,78.21107988738144,67.51119274942624,1.0128293859249162,-1.5591522371430517
USO_THIRTY_MINUTE,USO_THIRTY_MINUTE_2024-09-10T15:30:00_2024-10-07T22:30:00,2024-09-10T15:30:00,2024-10-07T22:30:00,1180,up,0.20078624345488505,0.005549546678010575,0.00008371632296942029,0.4910478858205142,weak,163441.72288135593,-0.10307542935519498,13945029,55.44566389650867,0.3092857291151906,0.0040644194556246184,-0.47541219323222245,59076416,3.1223587358623357,72.21707710564887,0.4789181986863585,66.2899,79.6,13.310099999999991,-2.2828248282967576,1.619218615298787,22.9815474989349,82.60869565217294,-1.769777690550611,2.0488576613622818,72.25331555188487,72.25915253700701,0.5127161189417936,0.5181600045986305,-9037904,50038512,-1.8215231003808776,1.3008356354814579,67.51119274942624,79.24654711027273,-1.5591522371430517,1.2617294569470259
USO_THIRTY_MINUTE,USO_THIRTY_MINUTE_2024-10-07T22:30:00_2024-10-29T15:00:00,2024-10-07T22:30:00,2024-10-29T15:00:00,2435,down,-0.1305276381909548,-0.0020338734165713593,-0.000025551173575017078,0.47291839653829726,weak,72722.12813141684,-0.21087406808616369,8048022,50.07933722850713,-0.03438398105912071,0.0022419441851271853,-0.13767215222571363,-27946517,-1.4770539142366943,72.34072309260105,0.5942370834888447,79.6,69.21,-10.39,1.619218615298787,-1.4267563494992037,82.60869565217294,24.729456534665772,2.0488576613622818,-1.6578382897492094,72.25915253700701,72.3420619266122,0.5181600045986305,0.5954857519568825,50038512,22091995,1.3008356354814579,-0.17621827875523643,79.24654711027273,69.93768289159752,1.2617294569470259,-0.9758855191155228
IWM_ONE_DAY,IWM_ONE_DAY_2023-02-02T05:00:00_2023-03-23T04:00:00,2023-02-02T05:00:00,2023-03-23T04:00:00,35,down,-0.14153892698668813,-0.7492184873949582,-0.003777826176860419,0.8418631245842386,strong,31747001.942857143,4.744328416690341,73852725,43.20505235624004,-0.5213467303855713,0.020472871797778916,-2.3230495794464314,-176295691,-1.0394758806925937,182.51568086109026,-1.7001110831650978,198.32,170.25,-28.069999999999993,-0.9592203403957054,-2.641634256178261,71.84330185379496,25.535344232097643,1.4820377308588664,-1.7574285200094024,181.324597270859,181.4629895902871,-1.9146721825830972,-1.8897422713232717,356136421,179840730,0.055373694064871665,-0.9841021866277221,188.65837618481154,176.83387069231097,-1.4249401805912596,-2.08639712799489
IWM_ONE_DAY,IWM_ONE_DAY_2023-03-23T04:00:00_2023-07-31T04:00:00,2023-03-23T04:00:00,2023-07-31T04:00:00,89,up,0.16716593245227607,0.257740381341505,0.0015138935761615565,0.737520268746036,strong,30517313.078651685,4.548446612404898,60716264,55.13440261225043,0.3131691829447488,0.015433080869738514,-1.4710854055025682,231518668,1.3650819821573303,180.2333988604756,-2.1112400242822247,170.25,198.71,28.460000000000008,-2.641634256178261,-0.9358451559583978,25.535344232097643,69.80880391285011,-1.7574285200094024,1.3397147316241995,181.4629895902871,181.24414575788842,-1.8897422713232717,-1.9291646709477923,179840730,411359398,-0.9841021866277221,0.38097979552960826,176.83387069231097,194.24610226296772,-2.08639712799489,-1.1123655670542305
IWM_ONE_DAY,IWM_ONE_DAY_2023-07-31T04:00:00_2023-10-27T18:00:00,2023-07-31T04:00:00,2023-10-27T18:00:00,507,down,-0.1854461275225202,-0.035369220124936034,-0.00017799416297587455,0.7303739682126862,strong,5756813.357001972,0.6042526771204246,54421906,45.83575384485205,-0.33731640112582123,0.005372707634634757,-0.4194519069530717,-657908525,-3.879164825642507,181.16525452559003,-1.9433760912672642,198.71,161.86,-36.849999999999994,-0.9358451559583978,-3.144500403432113,69.80880391285011,38.904109589041155,1.3397147316241995,-0.822218538533047,181.24414575788842,179.554118811498,-1.9291646709477923,-2.2336051339325484,411359398,-246549127,0.38097979552960826,-3.4981850301128987,194.24610226296772,163.2900481118062,-1.1123655670542305,-2.844031816900813
IWM_ONE_HOUR,IWM_ONE_HOUR_2023-10-27T18:00:00_2024-07-31T18:00:00,2023-10-27T18:00:00,2024-07-31T18:00:00,4399,up,0.41010750030890897,0.0069165056705495845,0.000042731407824969624,0.574214160261331,weak,3381156.617640373,0.22582530250993374,86247438,51.502698959098815,0.05911389694726745,0.004101978095814907,-0.739569645566266,988216549,5.826729296445315,185.77749262507518,-1.112530224932178,161.86,228.24,66.38,-3.144500403432113,0.8340758605381782,38.904109589041155,75.70127772066388,-0.822218538533047,1.7519218557318315,179.554118811498,191.75378139989257,-2.2336051339325484,-0.03596506990799742,-246549127,741667422,-3.4981850301128987,2.3285442663324165,163.2900481118062,224.67883039890256,-2.844031816900813,0.5900260861719435
IWM_ONE_HOUR,IWM_ONE_HOUR_2024-07-31T18:00:00_2024-08-05T13:00:00,2024-07-31T18:00:00,2024-08-05T13:00:00,90,down,-0.13052050473186128,-0.2954235173066636,-0.0012943547025353296,0.9337756005026241,strong,5427542.022222222,0.5518017970371867,71508116,34.022999202589226,-1.163675885731292,0.008903617008467767,-0.018119207104255755,-259773870,-1.5316805009101067,192.00667186026837,0.009590469313249313,228.24,198.45,-29.79000000000002,0.8340758605381782,-0.9514286122499367,75.70127772066388,4.27661510464057,1.7519218557318315,-3.2445797372438294,191.75378139989257,192.1616736428784,-0.03596506990799742,0.037512399529825574,741667422,481893552,2.3285442663324165,0.7968637654223099,224.67883039890256,201.16926798035334,0.5900260861719435,-0.7250871252880426
IWM_ONE_HOUR,IWM_ONE_HOUR_2024-08-05T13:00:00_2024-11-07T11:00:00,2024-08-05T13:00:00,2024-11-07T11:00:00,8288,up,0.20458553791887146,0.0024491123441559314,0.000012341206067805148,0.5958791554659071,weak,661655.6771235521,-0.2073743193542494,75554567,50.9147673758355,0.01798523095512796,0.001799733548200743,0.4173754096168084,-29884866,-0.1762073549757387,195.22067523439804,0.5885591522353734,198.45,239.05,40.60000000000002,-0.9514286122499367,1.4819880240440362,4.27661510464057,71.7647058823519,-3.2445797372438294,1.4765395614292416,192.1616736428784,196.9545886538903,0.037512399529825574,0.900905298746929,481893552,452008686,0.7968637654223099,0.6206564104465712,201.16926798035334,238.3807763364575,-0.7250871252880426,1.356506116909197
QQQ_ONE_DAY,QQQ_ONE_DAY_2023-07-18T04:00:00_2023-10-26T16:00:00,2023-07-18T04:00:00,2023-10-26T16:00:00,497,down,-0.11178514024990927,-0.011995820003581535,-0.0000310982008699682,0.062120934164570984,weak,10556694.541247485,0.8854828736759897,78735619,48.43963767387937,-0.201970504622909,0.005638412503877482,-0.8079437834164322,-755033816,-2.1096056589729573,323.2268696722517,-2.4442482525818825,385.74,342.62,-43.120000000000005,-1.9985641338586244,-3.027055658186271,84.63484034144797,29.893393094637133,2.0855337042750337,-1.374076458108295,308.58870308086705,327.6956971391564,-3.0655340500199753,-2.254578390645539,814945649,59911833,-1.6342432186535252,-3.7438488776264824,373.29195440052473,347.3240519924774,-2.1785420404572187,-2.768534838940308
QQQ_ONE_HOUR,QQQ_ONE_HOUR_2023-10-26T16:00:00_2024-07-11T12:00:00,2023-10-26T16:00:00,2024-07-11T12:00:00,3944,up,0.4682447025859553,0.02663170812280525,0.00007772957831651757,0.8597520338768994,strong,4003518.8770283978,0.1560406332911306,75233790,53.914854473056856,0.14405826575802294,0.0031381408053992527,-1.0227164825840769,1627982605,4.548672183203959,357.19194467176845,-1.0026729996715407,342.62,503.05,160.43,-3.027055658186271,0.7994957158370203,29.893393094637133,50.2244165170557,-1.374076458108295,-0.0891740892190522,327.6956971391564,377.3914510047234,-2.254578390645539,-0.1453479841663743,59911833,1687894438,-3.7438488776264824,0.8048233055774767,347.3240519924774,502.3528265344426,-2.768534838940308,0.7537311916449388
QQQ_ONE_HOUR,QQQ_ONE_HOUR_2024-07-11T12:00:00_2024-08-05T12:00:00,2024-07-11T12:00:00,2024-08-05T12:00:00,562,down,-0.15753901202663756,-0.08680985843646824,-0.00017256705782023305,0.8235533559528989,strong,3483497.7793594305,0.09815642966719967,87483452,44.45215927655245,-0.453975547958331,0.004610931515714864,-3.1063256335274194,-590685633,-1.6504078726598694,380.2734955009652,-0.023025745112651774,503.05,423.8,-79.25,0.7994957158370203,-1.0907629414673856,50.2244165170557,0.08350730688950136,-0.0891740892190522,-3.2580343912224277,377.3914510047234,382.8980682562896,-0.1453479841663743,0.08836865438719997,1687894438,1097208805,0.8048233055774767,-0.8455845670823927,502.3528265344426,433.1735625284439,0.7537311916449388,-0.8180271632097518
QQQ_ONE_HOUR,QQQ_ONE_HOUR_2024-08-05T12:00:00_2024-11-08T18:39:00,2024-08-05T12:00:00,2024-11-08T18:39:00,9810,up,0.2148890986314298,0.00463016988518893,0.00001092536546764731,0.7113216421834635,strong,676604.3413863404,-0.21428241568467982,63164429,51.31641645689728,-0.02016067654538782,0.0013067868400728005,0.9452886883124939,632067592,1.766031322942243,394.5075924428062,0.5811101768358607,423.8,514.87,91.07,-1.0907629414673856,1.081424514945387,0.08350730688950136,91.88210961737704,-3.2580343912224277,2.5435545951639456,382.8980682562896,398.4241807885792,0.08836865438719997,0.7473414257050485,1097208805,1729276397,-0.8455845670823927,0.9204467558598505,433.1735625284439,514.4808821659208,-0.8180271632097518,1.02928157572051
NVDA_ONE_DAY,NVDA_ONE_DAY_2022-12-13T05:00:00_2022-12-28T05:00:00,2022-12-13T05:00:00,2022-12-28T05:00:00,11,down,-0.22332890659583882,-3.8042727272727275,-0.021050645901243514,0.9339255592858554,strong,47712530,1.3871151698700652,68693255,48.02127059220557,-0.22910761286649842,0.04390943539518732,-17.304659803030507,-386918809,-0.2754134376228552,153.65460716003975,-1.5278981063218522,180.72,140.36,-40.359999999999985,-0.3422257348857355,-0.4891249039067115,65.82633053221289,35.438792621576326,0.950116522310653,-1.062441606309641,152.31361269807064,153.6496352450071,-1.542423059078189,-1.5279519595129025,344109421,-42809388,-1.9559247326538065,-2.2313381702766617,167.16467595167913,157.42908754285114,-0.39172138509064736,-0.4272118429339857
NVDA_ONE_DAY,NVDA_ONE_DAY_2022-12-28T05:00:00_2023-02-14T05:00:00,2022-12-28T05:00:00,2023-02-14T05:00:00,33,up,0.6365773724707893,2.9113536096256687,0.020742046235577575,0.9603464841319955,strong,50740217.333333336,1.4919161008454804,69801249,61.674631898010574,0.6751506840641481,0.04714237931727887,-32.05751864634716,882646557,0.6282783798948046,157.63146535882052,-1.4848228520280196,140.36,229.71,89.35,-0.4891249039067115,-0.16391576733524937,35.438792621576326,69.32612841703751,-1.062441606309641,1.1819071564299917,153.6496352450071,167.8444919612302,-1.5279519595129025,-1.3742006734088872,-42809388,839837169,-2.2313381702766617,-1.603059790381857,157.42908754285114,210.8237567830563,-0.4272118429339857,-0.23256502980349697
NVDA_ONE_DAY,NVDA_ONE_DAY_2023-02-14T05:00:00_2023-02-21T05:00:00,2023-02-14T05:00:00,2023-02-21T05:00:00,5,down,-0.10082277654433847,-6.007999999999998,-0.02615471681685603,0.9754559334996203,strong,50110465.6,1.4701177575323838,69801249,62.60519262324747,0.7367814603796833,0.04253083765108549,-49.490560796429804,-180751079,-0.12866078066892395,168.9800300645914,-1.3619011167946693,229.71,206.55,-23.159999999999997,-0.16391576733524937,-0.24821172260100272,69.32612841703751,56.119991241515216,1.1819071564299917,0.3072683884444851,167.8444919612302,169.95533662184616,-1.3742006734088872,-1.3513371047358353,839837169,659086090,-1.603059790381857,-1.731720571050781,210.8237567830563,212.98764202431352,-0.23256502980349697,-0.22467672611729927
NVDA_ONE_DAY,NVDA_ONE_DAY_2023-02-21T05:00:00_2023-07-18T04:00:00,2023-02-21T05:00:00,2023-07-18T04:00:00,102,up,1.2993948196562575,2.420578057234622,0.011719090085861156,0.8874174183090714,strong,49500186.14705882,1.4489934313447825,156572617,63.73189045195771,0.8114023421483234,0.03210026330154597,-71.9061608589837,961557250,0.6844479553168457,206.82967937932617,-0.9519334519519868,206.55,474.94,268.39,-0.24821172260100272,0.7286531925015682,56.119991241515216,78.06754596322946,0.3072683884444851,1.760848793294054,169.95533662184616,253.1578075422176,-1.3513371047358353,-0.4501313252918851,659086090,1620643340,-1.731720571050781,-1.0472726157339354,212.98764202431352,440.09803675359905,-0.22467672611729927,0.603239528293661
NVDA_ONE_DAY,NVDA_ONE_DAY_2023-07-18T04:00:00_2023-08-11T04:00:00,2023-07-18T04:00:00,2023-08-11T04:00:00,19,down,-0.13978607824146205,-2.1435877192982447,-0.004513386363115856,0.5001365255978687,weak,44174364.84210526,1.2646444647844417,97466460,55.55031452866092,0.2695388592370766,0.031807102790546056,22.77959893208239,-276303273,-0.19667597561372685,261.41600407669074,-0.3606828466310306,474.94,408.55,-66.38999999999999,0.7286531925015682,0.48701206684986853,78.06754596322946,32.57744388796144,1.760848793294054,-1.2519479318826099,253.1578075422176,268.26804437176986,-0.4501313252918851,-0.2864651191212554,1620643340,1344340067,-1.0472726157339354,-1.2439485913476622,440.09803675359905,439.89995582691955,0.603239528293661,0.60251743708739
NVDA_ONE_DAY,NVDA_ONE_DAY_2023-08-11T04:00:00_2023-08-31T04:00:00,2023-08-11T04:00:00,2023-08-31T04:00:00,15,up,0.20805286990576422,5.217232142857143,0.012770119062188577,0.853587918077228,strong,69559735.06666666,2.1433383785845312,115650628,52.13313488917368,0.043220008376884334,0.045649818037426106,31.694587342912204,340571983,0.24242321234908637,276.53852189662456,-0.19688361917645764,408.55,493.55,85,0.48701206684986853,0.7963884138960272,32.57744388796144,78.97068847989095,-1.2519479318826099,1.8206636693315577,268.26804437176986,285.76757924929285,-0.2864651191212554,-0.09691928238405124,1344340067,1684912050,-1.2439485913476622,-1.0015253789985759,439.89995582691955,467.2028680357968,0.60251743708739,0.702048437583556
NVDA_ONE_DAY,NVDA_ONE_DAY_2023-08-31T04:00:00_2023-09-21T21:00:00,2023-08-31T04:00:00,2023-09-21T21:00:00,45,down,-0.17406544423057446,-1.4801637417654812,-0.0029990147741170725,0.8072530952003527,strong,16349966.066666666,0.30152556429785293,52870144,35.86317016938552,-1.0343352001256636,0.016219611121709627,11.974068001430858,-290521861,-0.206796936673604,293.1781770983911,-0.016651550706541174,493.55,407.64,-85.91000000000003,0.7963884138960272,0.4836999200756096,78.97068847989095,45.25217874327234,1.8206636693315577,-0.4125037907949531,285.76757924929285,295.24693463508544,-0.09691928238405124,0.005756152186339267,1684912050,1394390189,-1.0015253789985759,-1.2083223156721798,467.2028680357968,413.90495488018735,0.702048437583556,0.5077543425012456
NVDA_ONE_HOUR,NVDA_ONE_HOUR_2023-09-21T21:00:00_2023-10-12T16:00:00,2023-09-21T21:00:00,2023-10-12T16:00:00,251,up,0.164188990285546,0.21415122709163342,0.000525343997379142,0.9082974472932459,strong,4934487.274900398,-0.09361193610912895,48146334,56.76962750856914,0.3502936165413065,0.00834138185209241,6.171552192622649,381265097,0.27138905777615285,302.1476397375312,0.08050099151345949,407.64,474.57,66.93,0.4836999200756096,0.7273064954614848,45.25217874327234,76.47058823529417,-0.4125037907949531,1.655082730052248,295.24693463508544,309.19515098967076,0.005756152186339267,0.15683595850263476,1394390189,1775655286,-1.2083223156721798,-0.936933257896027,413.90495488018735,470.16265705607526,0.5077543425012456,0.7128381570168586
NVDA_ONE_HOUR,NVDA_ONE_HOUR_2023-10-12T16:00:00_2023-10-31T13:00:00,2023-10-12T16:00:00,2023-10-31T13:00:00,219,down,-0.1646119645152453,-0.26023539627771985,-0.0005483604026333731,0.7084282422005148,strong,5791387.894977169,-0.06395101909542056,81269482,46.06271904061779,-0.35882193381811944,0.011412866293033643,8.915350130200633,-407336917,-0.2899472911942764,315.2297949727095,0.22220007538812903,474.57,396.4501,-78.11989999999997,0.7273064954614848,0.44297179788958835,76.47058823529417,33.974365594951635,1.655082730052248,-1.1594301983065314,309.19515098967076,319.6611618253276,0.15683595850263476,0.2701983304187746,1775655286,1368318369,-0.936933257896027,-1.2268805490903034,470.16265705607526,407.1776420974279,0.7128381570168586,0.48323035887648824
NVDA_ONE_HOUR,NVDA_ONE_HOUR_2023-10-31T13:00:00_2023-11-21T00:00:00,2023-10-31T13:00:00,2023-11-21T00:00:00,249,up,0.275292905714994,0.36884304376214533,0.0009303643605138335,0.8953913667833826,strong,4769968.208835341,-0.09930662957929039,54061213,59.043344608416156,0.5008812635213649,0.00798514679008121,5.477529402522343,538656783,0.38342234301899325,325.15374528323815,0.3296911303511775,396.4501,505.59,109.13989999999995,0.44297179788958835,0.840210663524683,33.974365594951635,82.73263433813891,-1.1594301983065314,2.069816290340588,319.6611618253276,331.09509817495626,0.2701983304187746,0.3940447667817201,1368318369,1906975152,-1.2268805490903034,-0.8434582060713102,407.1776420974279,501.5160009173299,0.48323035887648824,0.8271347441185215
NVDA_ONE_HOUR,NVDA_ONE_HOUR_2023-11-21T00:00:00_2023-12-05T10:00:00,2023-11-21T00:00:00,2023-12-05T10:00:00,154,down,-0.10856622955359085,-0.25770109317627343,-0.0005097036989977521,0.7976942930864599,strong,5788921.62987013,-0.06403638685331424,90080351,45.38212679810262,-0.4038973675034004,0.008777106031895715,5.649689257245582,-329220632,-0.23434318489150774,335.8603275238898,0.44565924628131365,505.59,450.7,-54.889999999999986,0.840210663524683,0.6404263377674636,82.73263433813891,39.613758647194494,2.069816290340588,-0.7859347752435306,331.09509817495626,339.187742317526,0.3940447667817201,0.48170006826004924,1906975152,1577754520,-0.8434582060713102,-1.077801390962818,501.5160009173299,455.8120749159415,0.8271347441185215,0.6605240380253498
NVDA_ONE_HOUR,NVDA_ONE_HOUR_2023-12-05T10:00:00_2024-03-08T14:00:00,2023-12-05T10:00:00,2024-03-08T14:00:00,1093,up,1.1234672731306858,0.39654347878822294,0.0008798390920528576,0.9291511820499029,strong,5606164.526075023,-0.07036237514451982,114226906,55.85027433194804,0.28940511303296995,0.009511222362664506,4.832534100753668,1297579229,0.923632420379191,369.1151866135231,0.8058585393390144,450.7,957.0467,506.3467,0.6404263377674636,2.483387424648372,39.613758647194494,59.187348655893395,-0.7859347752435306,0.5104186112708534,339.187742317526,421.66786203441484,0.48170006826004924,1.3750817161347602,1577754520,2875333749,-1.077801390962818,-0.15416897058362683,455.8120749159415,937.5749338330968,0.6605240380253498,2.416759379628474
NVDA_ONE_HOUR,NVDA_ONE_HOUR_2024-03-08T14:00:00_2024-03-09T00:00:00,2024-03-08T14:00:00,2024-03-09T00:00:00,11,down,-0.11080619158918781,-9.235393636363638,-0.009649888178250484,0.7266186391251908,strong,10081594.727272727,0.08455099600752448,30069248,39.98026419534634,-0.7616612153951942,0.024647539051759756,9.802448491015918,-78330832,-0.05575682342436433,423.14819795632087,1.3911159429261368,957.0467,851,-106.04669999999999,2.483387424648372,2.0974069462683733,59.187348655893395,16.387504335524838,0.5104186112708534,-2.3242030959550624,421.66786203441484,423.76299248930343,1.3750817161347602,1.397775076725477,2875333749,2797002917,-0.15416897058362683,-0.20992579400799116,937.5749338330968,887.4648200373308,2.416759379628474,2.2340862009245672
NVDA_ONE_HOUR,NVDA_ONE_HOUR_2024-03-09T00:00:00_2024-03-25T18:00:00,2024-03-09T00:00:00,2024-03-25T18:00:00,183,up,0.13043478260869557,0.2969412914241853,0.000348932187337468,0.385610579763329,weak,7230094.4480874315,-0.0141513635938772,67836412,53.41421486902755,0.128065576795416,0.014631311854985465,5.802186329140026,594177564,0.422942699225599,437.8284796950235,1.5501250997508884,851,962,111,2.0974069462683733,2.501416058293357,16.387504335524838,63.985005767012716,-2.3242030959550624,0.8281660986030339,423.76299248930343,450.233315770115,1.397775076725477,1.6844878156686227,2797002917,3391180481,-0.20992579400799116,0.21301690521760785,887.4648200373308,950.6526252938995,2.2340862009245672,2.464433257979467
NVDA_ONE_HOUR,NVDA_ONE_HOUR_2024-03-25T18:00:00_2024-04-19T04:00:00,2024-03-25T18:00:00,2024-04-19T04:00:00,360,down,-0.2079002079002079,-0.20095981708963792,-0.00020889793876261738,0.588665485835923,weak,4697150.669444445,-0.1018271493950216,87519800,46.82749133153349,-0.3081712790940608,0.010124058661442836,4.059564013047003,-427703899,-0.3044447526671892,466.12460536017727,1.8566139780645374,962,762,-200,2.501416058293357,1.7734717123023955,63.985005767012716,3.90205781038064,0.8281660986030339,-3.151110723928354,450.233315770115,478.3852018390149,1.6844878156686227,1.9894143658887609,3391180481,2963476582,0.21301690521760785,-0.09142784744958134,950.6526252938995,834.0943797479954,2.464433257979467,2.0395277128673377
NVDA_ONE_DAY,NVDA_ONE_DAY_2024-04-19T04:00:00_2024-04-19T11:00:00,2024-04-19T04:00:00,2024-04-19T11:00:00,8,up,0.11608923884514444,7.646904761904763,0.01003530808648919,0.4453039063421058,weak,11007935.25,0.116615518692299,87519800,42.894815198596845,-0.5686313183986013,0.020285192970901013,8.584849632097253,488029,0.0003473848813321523,478.38850766097,1.9894501728283722,762,850.46,88.46000000000004,1.7734717123023955,2.095441496534198,3.90205781038064,51.33785025264127,-3.151110723928354,-0.009451470455229906,478.3852018390149,478.3930114834852,1.9894143658887609,1.9894989558853586,2963476582,2963964611,-0.09142784744958134,-0.09108046256824918,834.0943797479954,838.7788806568066,2.0395277128673377,2.056604757935357
NVDA_ONE_HOUR,NVDA_ONE_HOUR_2024-04-19T11:00:00_2024-04-19T23:00:00,2024-04-19T11:00:00,2024-04-19T23:00:00,25,down,-0.10678926698492586,-4.527235769230772,-0.005323278895222316,0.9366597080509473,strong,5388690.64,-0.07789005657733516,20026024,23.994698037617617,-1.8203807867518875,0.01636978983474921,6.852040712468602,-79182694,-0.056363188988257804,479.2940397321913,1.9992584240380933,850.46,759.64,-90.82000000000005,2.095441496534198,1.764881969019702,51.33785025264127,8.356596832685483,-0.009451470455229906,-2.856087851560077,478.3930114834852,480.0447089781655,1.9894989558853586,2.007389281877282,2963964611,2884781917,-0.09108046256824918,-0.147443651556507,838.7788806568066,774.2425870593682,2.056604757935357,1.8213418738544842
NVDA_ONE_HOUR,NVDA_ONE_HOUR_2024-04-19T23:00:00_2024-06-06T11:00:00,2024-04-19T23:00:00,2024-06-06T11:00:00,1065,up,0.6395924385235112,0.3589523213856061,0.00047252951580433643,0.8751146125716461,strong,3482996.1962441313,-0.1438541175493811,83506528,56.89523766970214,0.35861274234771356,0.00899676600974108,3.5040454335707554,535040753,0.38084840960019317,506.6499662827061,2.2955635558047005,759.64,1245.5,485.86,1.764881969019702,3.533277168735545,8.356596832685483,57.98595378341637,-2.856087851560077,0.4308505652054943,480.0447089781655,541.8175841350494,2.007389281877282,2.6764808543803653,2884781917,3419822670,-0.147443651556507,0.2334047580436862,774.2425870593682,1233.920717664402,1.8213418738544842,3.4970687668432237
NVDA_ONE_HOUR,NVDA_ONE_HOUR_2024-06-06T11:00:00_2024-06-10T13:00:00,2024-06-06T11:00:00,2024-06-10T13:00:00,71,down,-0.9050421517462867,-12.977698638497655,-0.010419669721796592,0.4267739857001188,weak,8384935.9718309855,0.025822535125758845,314162666,41.09678503064642,-0.6877143530509899,0.02007723083181155,0.929594999978092,-327823399,-0.2333486177246008,544.211739588755,2.702413097832987,1245.5,118.27,-1127.23,3.533277168735545,-0.5695263569214133,57.98595378341637,0.2895489091877863,0.4308505652054943,-3.3903661771075333,541.8175841350494,540.9890535328589,2.6764808543803653,2.6675066429311056,3419822670,3091999271,0.2334047580436862,0.000056140319085406604,1233.920717664402,315.12019883923017,3.4970687668432237,0.147640903784283
NVDA_ONE_HOUR,NVDA_ONE_HOUR_2024-06-10T13:00:00_2024-06-20T12:00:00,2024-06-10T13:00:00,2024-06-20T12:00:00,230,up,0.1884670668808659,0.07677602380911287,0.0006491589059703464,0.9002302131373384,strong,22914050.93478261,0.5287360155246045,517768425,59.07980874813385,0.5032962732864812,0.00913002186134946,-2.202685847779884,507176617,0.361014384208704,509.7565768756766,2.3292127418192177,118.27,140.56,22.290000000000006,-0.5695263569214133,-0.48839695956072054,0.2895489091877863,61.24293785310731,-3.3903661771075333,0.6465597083259343,540.9890535328589,479.82844514950455,2.6675066429311056,2.0050468248550564,3091999271,3599175888,0.000056140319085406604,0.3610705245277894,315.12019883923017,138.59746855409486,0.147640903784283,-0.49586129192221806
NVDA_ONE_HOUR,NVDA_ONE_HOUR_2024-06-20T12:00:00_2024-06-24T23:00:00,2024-06-20T12:00:00,2024-06-24T23:00:00,89,down,-0.17081673306772915,-0.21604631767109295,-0.0015370398240686749,0.8842035023605028,strong,40098480.033707865,1.1235610319722686,655484664,29.3560798106382,-1.465297972880601,0.016300236784139346,-3.8354639024005017,-2077341665,-1.4786766519661116,461.61302022166717,1.8077468403905916,140.56,116.55,-24.010000000000005,-0.48839695956072054,-0.5757866782969354,61.24293785310731,8.192928632500156,0.6465597083259343,-2.866927550638308,479.82844514950455,447.27984006750194,2.0050468248550564,1.6524973069349396,3599175888,1521834223,0.3610705245277894,-1.1176061274383222,138.59746855409486,118.0447582896879,-0.49586129192221806,-0.5707848678350881
NVDA_ONE_HOUR,NVDA_ONE_HOUR_2024-06-24T23:00:00_2024-07-11T12:00:00,2024-06-24T23:00:00,2024-07-11T12:00:00,369,up,0.1691977691977693,0.027325809401660423,0.00023445567912192556,0.5148839420181579,weak,22066803.49593496,0.49940923551657296,425787456,53.15767085973586,0.11107473888129103,0.01029205539419544,-2.4004446977372313,1074756929,0.7650248412319309,415.049194243094,1.3033917578946237,116.55,136.27,19.720000000000013,-0.5757866782969354,-0.5040113657822266,8.192928632500156,51.662125340599495,-2.866927550638308,0.012025177837192418,447.27984006750194,391.50629407665474,1.6524973069349396,1.0483873396343426,1521834223,2596591152,-1.1176061274383222,-0.35258128620639134,118.0447582896879,135.36356433026165,-0.5707848678350881,-0.5076502806002186
NVDA_ONE_HOUR,NVDA_ONE_HOUR_2024-07-11T12:00:00_2024-07-30T16:00:00,2024-07-11T12:00:00,2024-07-30T16:00:00,438,down,-0.24693696338152205,-0.045265029495080135,-0.0003321716408239534,0.8167421958825941,strong,22705702.16894977,0.5215241926965131,486833274,42.43781644386336,-0.5988982179846415,0.01218712741674093,-2.584710009531637,-3065413533,-2.1819980296154364,367.57991694067164,0.789229298802361,136.27,102.6199,-33.65010000000001,-0.5040113657822266,-0.626488365967379,51.662125340599495,6.900031925520878,0.012025177837192418,-2.9525557375861804,391.50629407665474,343.73130181148787,1.0483873396343426,0.5309135354793663,2596591152,-468822381,-0.35258128620639134,-2.5345793158218277,135.36356433026165,107.53303122564948,-0.5076502806002186,-0.6091046889450938
NVDA_ONE_HOUR,NVDA_ONE_HOUR_2024-07-30T16:00:00_2024-07-31T23:00:00,2024-07-30T16:00:00,2024-07-31T23:00:00,48,up,0.18222586457402512,0.3795125976986539,0.0036982358947792184,0.9254972183017411,strong,33523523.770833332,0.8959742762707594,473174182,62.80490736008996,0.7500085114892413,0.019634453008719927,-3.690004198944825,688446250,0.49004427781918336,340.3274649409489,0.49404494941357546,102.6199,121.3199,18.700000000000003,-0.626488365967379,-0.558425569617224,6.900031925520878,90.01971197910798,-2.9525557375861804,2.552437402434242,343.73130181148787,337.60246156042297,0.5309135354793663,0.46452913373684473,-468822381,219623869,-2.5345793158218277,-2.0445350380026444,107.53303122564948,118.5752264020804,-0.6091046889450938,-0.5688510806422123
NVDA_ONE_HOUR,NVDA_ONE_HOUR_2024-07-31T23:00:00_2024-08-05T12:00:00,2024-07-31T23:00:00,2024-08-05T12:00:00,78,down,-0.23194793269694414,-0.2584847557505786,-0.002130604754459727,0.7687305743473312,strong,40564316.961538464,1.1396855978023954,552842375,36.37889928916814,-1.0001786049043933,0.026496223030704716,-4.623458451415109,-1874364038,-1.334194748496281,331.15260260299834,0.3946676247608395,121.3199,93.18,-28.139899999999997,-0.558425569617224,-0.6608469751259793,90.01971197910798,1.7568517217146962,2.552437402434242,-3.2931871226154352,337.60246156042297,325.7396877683933,0.46452913373684473,0.3360377538132252,219623869,-1654740169,-2.0445350380026444,-3.3787297864989254,118.5752264020804,98.36244849850135,-0.5688510806422123,-0.6425354551206206
NVDA_ONE_HOUR,NVDA_ONE_HOUR_2024-08-05T12:00:00_2024-08-26T10:15:00,2024-08-05T12:00:00,2024-08-26T10:15:00,881,up,0.4048078986907062,0.037630247008410236,0.00040384467705956465,0.8870529632760923,strong,16742951.559591373,0.31512843704660454,411440423,54.026849257927246,0.16864018086101326,0.009534034238263238,-1.8631596552119771,3148118602,2.2408684872729374,300.9393758616072,0.06741370725337391,93.18,130.9,37.72,-0.6608469751259793,-0.523556671472084,1.7568517217146962,59.37904269081516,-3.2931871226154352,0.5231144535376526,325.7396877683933,285.19338304053576,0.3360377538132252,-0.10313867630519974,-1654740169,1493378433,-3.3787297864989254,-1.137861299225988,98.36244849850135,130.19475912759538,-0.6425354551206206,-0.5264928256465266
NVDA_FIFTEEN_MINUTE,NVDA_FIFTEEN_MINUTE_2024-08-26T10:15:00_2024-09-06T15:00:00,2024-08-26T10:15:00,2024-09-06T15:00:00,540,down,-0.22335370511841102,-0.05292496104429566,-0.0004043159743643671,0.9018333453551409,strong,17567444.10185185,0.34366757484325927,477155100,46.38238127198832,-0.3376507937260978,0.010400245193413859,-2.091510657277264,-639361390,-0.45510508718439424,275.8807625649019,-0.2040081252719439,130.9,101.663,-29.23700000000001,-0.523556671472084,-0.6299712156907727,59.37904269081516,41.143678411219,0.5231144535376526,-0.6846086175837948,285.19338304053576,266.4612299632967,-0.10313867630519974,-0.30603559063834496,1493378433,854017043,-1.137861299225988,-1.5929663864103822,130.19475912759538,104.15627261406239,-0.5264928256465266,-0.6214144440537825
NVDA_ONE_HOUR,NVDA_ONE_HOUR_2024-09-06T15:00:00_2024-11-08T09:12:00,2024-09-06T15:00:00,2024-11-08T09:12:00,8180,up,0.47487286426723596,0.003428951882741936,0.00003372861200969808,0.6872165365238807,weak,4167074.901222494,-0.12017529036240743,441422370,51.12616843447628,-0.02347109801051194,0.0027185388423724604,-0.6805452624147873,3795671536,2.7018044134860926,234.41762855588914,-0.6531151720872099,101.663,149.94,48.277,-0.6299712156907727,-0.45425636973374445,41.143678411219,55.20169851380047,-0.6846086175837948,0.24645011817033072,266.4612299632967,226.89911237581916,-0.30603559063834496,-0.734551818852265,854017043,4649688579,-1.5929663864103822,1.1088380270757106,104.15627261406239,149.73484559846236,-0.6214144440537825,-0.45526070427616816
TLT_ONE_DAY,TLT_ONE_DAY_2022-12-07T05:00:00_2023-10-23T09:00:00,2022-12-07T05:00:00,2023-10-23T09:00:00,590,down,-0.25093632958801493,-0.041413704052923585,-0.00037831098979559317,0.8331819404575973,strong,12073344.372881357,1.4183083542131167,87707582,45.72741397019287,-0.29328356763479474,0.006752719965257992,0.1262398147733012,-645717452,-1.537323566271845,100.41153387785441,4.53799643858545,109.47,82,-27.47,4.637723240008863,-3.291046964349141,72.78373800112931,42.52873563218383,1.4124277854507605,-0.49493778902023955,99.33058718211323,97.02388321052985,3.669567898233012,1.8163705380302457,187974703,-457742749,-1.9191749593750356,-3.4564985256468805,104.03270038186783,83.04318869948544,2.398911129686961,-2.299215928429287
TLT_ONE_HOUR,TLT_ONE_HOUR_2023-10-23T09:00:00_2023-12-27T20:00:00,2023-10-23T09:00:00,2023-12-27T20:00:00,773,up,0.22585365853658534,0.021952211787857015,0.0002677098998519148,0.9592127660095502,strong,5796777.090556274,0.5268228078988321,89017612,53.32610550582281,0.18576060725383386,0.004146403576590065,-0.0929877719602265,1110588537,2.6440882541942985,95.21871279284326,0.3661033628813477,82,100.52,18.519999999999996,-3.291046964349141,2.0544508217706334,42.52873563218383,70.59426229508178,-0.49493778902023955,1.2743967075837122,97.02388321052985,95.00131427312583,1.8163705380302457,0.19144620365527507,-457742749,652845788,-3.4564985256468805,-0.8124102714525819,83.04318869948544,99.77137458033837,-2.299215928429287,1.4450895089382285
TLT_ONE_HOUR,TLT_ONE_HOUR_2023-12-27T20:00:00_2024-04-25T13:30:00,2023-12-27T20:00:00,2024-04-25T13:30:00,1522,down,-0.13008555511341025,-0.005465457773124029,-0.000054371844141703435,0.7364677194015252,strong,4660006.660972404,0.36536283115241924,84291219,48.716818794509486,-0.10482257263875898,0.002958197405434476,0.4967965337578944,-193283592,-0.46016941316195414,94.99396148090712,0.1855389978336359,100.52,87.4438,-13.0762,2.0544508217706334,-1.7197823397228553,70.59426229508178,28.76042565429954,1.2743967075837122,-1.3629331092723793,95.00131427312583,94.55301522478106,0.19144620365527507,-0.16871557835425388,652845788,459562196,-0.8124102714525819,-1.272579684614536,99.77137458033837,87.96908116616173,1.4450895089382285,-1.1966429370581935
TLT_THIRTY_MINUTE,TLT_THIRTY_MINUTE_2024-04-25T13:30:00_2024-09-17T12:00:00,2024-04-25T13:30:00,2024-09-17T12:00:00,4129,up,0.16360450941061577,0.0028416801146853234,0.00003249721666585079,0.8982874553605384,strong,1848393.4480503753,-0.03398165579423302,91912942,52.90158224622977,0.15899739497455495,0.0017033901489278869,0.03291245040828779,1066809682,2.539859593055529,94.2078385416253,-0.44602923711071896,87.4438,101.75,14.306200000000004,-1.7197823397228553,2.409470383159799,28.76042565429954,86.00000000000097,-1.3629331092723793,2.245620354812827,94.55301522478106,94.46781069254752,-0.16871557835425388,-0.2371685814954126,459562196,1526371878,-1.272579684614536,1.2672799084409927,87.96908116616173,101.51977573282541,-1.1966429370581935,1.8364378588779553
TLT_THIRTY_MINUTE,TLT_THIRTY_MINUTE_2024-09-17T12:00:00_2024-11-06T11:47:00,2024-09-17T12:00:00,2024-11-06T11:47:00,5675,down,-0.1207862407862409,-0.001218942496880626,-0.000011979778839121632,0.7079002198006752,strong,673831.8914537445,-0.20080925499976782,98895693,48.84805725669897,-0.09654890860876576,0.000889948845319838,0.04995272831748782,-428347178,-1.0198086008761629,94.58043084963097,-0.14668996768807765,101.75,89.46,-12.290000000000006,2.409470383159799,-1.1378388928343737,86.00000000000097,27.272727272727266,2.245620354812827,-1.4567220517951454,94.46781069254752,94.49365345659172,-0.2371685814954126,-0.2164066013293235,1526371878,1098024700,1.2672799084409927,0.2474713075648299,101.51977573282541,89.59580194266789,1.8364378588779553,-0.8325305645670191