ticker,episode_id,start_time,end_time,duration,direction,total_return,pullback_pct,lr_slope_5,lr_slope_5_norm,avg_volume,max_volume,avg_rsi,avg_volatility,obv_change,avg_vwap,price_start,price_end,price_delta,rsi_start,rsi_end,vwap_start,vwap_end,obv_start,obv_end,ema_start,ema_end,bb_upper_start,bb_upper_end,bb_middle_start,bb_middle_end,bb_lower_start,bb_lower_end,cluster,regime_label
GLD,GLD_2023-05-04T04:00:00_2023-10-05T04:00:00,2023-05-04T04:00:00,2023-10-05T04:00:00,107,down,-0.11347406007141347,,-0.09705989537412564,-0.0005096612863585677,6422972.1869158875,14146787,44.67312934574483,0.006947844291625052,-142290231,176.83862224386786,190.44,168.83,-21.609999999999985,63.70967741935479,13.451191391237359,175.17237878736233,177.00025219503604,193362758,51072527,186.4646548942277,173.1480174514136,189.72235467308454,183.0304427334837,186.22600000000003,175.53699999999998,182.72964532691552,168.04355726651625,0,Deep Downtrend regime
GLD,GLD_2023-10-05T04:00:00_2024-10-30T04:00:00,2023-10-05T04:00:00,2024-10-30T04:00:00,270,up,0.5252028667890776,,0.2696185651075842,0.001596982557054932,7219088.766666667,30884006,59.09121046351,0.008826443561028562,266906458,183.74728877653888,168.83,257.5,88.66999999999999,13.451191391237359,83.82488479262668,177.00025219503604,194.22010067892188,51072527,317978985,173.1480174514136,251.48716143454632,183.0304427334837,258.13999729308574,175.53699999999998,248.67349999999996,168.04355726651625,239.2070027069142,1,Strong Uptrend regime
IWM,IWM_2023-02-02T05:00:00_2023-03-23T04:00:00,2023-02-02T05:00:00,2023-03-23T04:00:00,35,down,-0.14153892698668813,,-0.7492184873949582,-0.003777826176860419,31747001.942857143,73852725,43.20505235624004,0.020472871797778916,-176295691,182.51568086109026,198.32,170.25,-28.069999999999993,71.84330185379496,25.535344232097643,181.324597270859,181.4629895902871,356136421,179840730,188.65837618481154,176.83387069231097,196.92510821807636,195.22004103235358,185.70349999999996,180.73449999999997,174.48189178192357,166.24895896764636,0,Deep Downtrend regime
IWM,IWM_2023-03-23T04:00:00_2023-07-31T04:00:00,2023-03-23T04:00:00,2023-07-31T04:00:00,89,up,0.16716593245227607,,0.257740381341505,0.0015138935761615565,30517313.078651685,60716264,55.13440261225043,0.015433080869738514,231518668,180.2333988604756,170.25,198.71,28.460000000000008,25.535344232097643,69.80880391285011,181.4629895902871,181.24414575788842,179840730,411359398,176.83387069231097,194.24610226296772,195.22004103235358,201.0508306166863,180.73449999999997,192.334,166.24895896764636,183.6171693833137,1,Strong Uptrend regime
IWM,IWM_2023-07-31T04:00:00_2023-10-27T04:00:00,2023-07-31T04:00:00,2023-10-27T04:00:00,64,down,-0.1836847667455085,,-0.46820283882783886,-0.002356211759991137,29787091.6875,54421906,36.37112267151455,0.014548375525625285,-515572304,181.69707895158172,198.71,162.21,-36.5,69.80880391285011,29.538354737938164,181.24414575788842,180.60561673147757,411359398,-104212906,194.24610226296772,168.094875225542,201.0508306166863,178.43446457248217,192.334,170.21699999999998,183.6171693833137,161.9995354275178,0,Deep Downtrend regime
IWM,IWM_2023-10-27T04:00:00_2024-07-16T04:00:00,2023-10-27T04:00:00,2024-07-16T04:00:00,179,up,0.3846248689969791,,0.16040667043290868,0.000988882747259162,35651529.83798882,86247438,54.769604423046935,0.014750185084101596,827500503,183.75554814039884,162.21,224.6,62.389999999999986,29.538354737938164,87.23667905824044,180.60561673147757,187.81171383868107,-104212906,723287597,168.094875225542,208.53198859386225,178.43446457248217,217.40858173382213,170.21699999999998,204.3295,161.9995354275178,191.25041826617786,1,Strong Uptrend regime
IWM,IWM_2024-07-16T04:00:00_2024-08-07T04:00:00,2024-07-16T04:00:00,2024-08-07T04:00:00,17,down,-0.10071237756010687,,-1.0798039215686273,-0.0048076755190054644,48204077.11764706,71508116,62.802738945756616,0.02620553252986644,-184784566,188.63874262042748,224.6,201.98,-22.620000000000005,87.23667905824044,33.68743615934629,187.81171383868107,189.29249173367018,723287597,538503031,208.53198859386225,212.25661952332246,217.40858173382213,230.7633284520248,204.3295,216.52249999999998,191.25041826617786,202.28167154797515,0,Deep Downtrend regime
IWM,IWM_2024-08-07T04:00:00_2024-11-08T05:00:00,2024-08-07T04:00:00,2024-11-08T05:00:00,67,up,0.1789286067927518,,0.26462806289408575,0.001310169635083106,25616419.67164179,75554567,53.46633975867377,0.015137518473092608,306107354,190.7121667957162,201.98,238.12,36.140000000000015,33.68743615934629,73.23085846867748,189.29249173367018,192.37193945209134,538503031,844610385,212.25661952332246,226.66316574257218,230.7633284520248,236.16414461824087,216.52249999999998,224.20499999999998,202.28167154797515,212.2458553817591,1,Strong Uptrend regime
IWM,IWM_2024-07-31T18:30:00_2024-08-05T12:00:00,2024-07-31T18:30:00,2024-08-05T12:00:00,84,down,-0.13406940063091488,,-0.30515472511896313,-0.0013369905587055867,2025986.261904762,10521959,33.71808577802247,0.006474211427385251,-55301980,207.20865610687775,228.24,197.64,-30.600000000000023,69.38914946264359,13.124583610925882,206.8098027498954,207.33743276182915,80356027,25054047,224.64081325270035,202.05696998032747,226.40705735606136,213.5744690505114,224.23823000000002,204.685,222.06940264393867,195.7955309494886,0,Deep Downtrend regime
IWM,IWM_2024-08-05T12:00:00_2024-11-07T11:30:00,2024-08-05T12:00:00,2024-11-07T11:30:00,2141,up,0.20952236389394874,,0.007841666755742705,0.00003967651667548424,817307.1877627277,16914156,51.849436662737475,0.0029492980747578223,47524480,208.84029982294157,197.64,239.05,41.410000000000025,13.124583610925882,72.75000000000043,207.33743276182915,211.33855744783722,25054047,72578527,202.05696998032747,237.64309401168626,213.5744690505114,238.69290931965665,204.685,237.32000000000002,195.7955309494886,235.9470906803434,1,Strong Uptrend regime
IWM,IWM_2023-10-27T18:00:00_2024-07-31T18:00:00,2023-10-27T18:00:00,2024-07-31T18:00:00,3019,up,0.41010750030890897,,0.010917733206960902,0.00006745170645595515,2249938.4213315668,24224411,52.52498812178283,0.003996306163710381,258616397,184.9082770789944,161.86,228.24,66.38,29.27689594356262,74.41371124379549,171.91049833800918,194.44557726760544,-142430704,116185693,163.34976730681493,224.31266349846726,165.88922363101054,226.46306314314023,163.935,223.45275999999998,161.98077636898947,220.44245685685974,1,Strong Uptrend regime
IWM,IWM_2024-07-31T18:00:00_2024-08-05T13:00:00,2024-07-31T18:00:00,2024-08-05T13:00:00,44,down,-0.13052050473186128,,-0.6187376744186048,-0.0027109081423878586,4281796.5227272725,18685681,31.53883546837117,0.00996478587748316,-56079592,194.70763978757023,228.24,198.45,-29.79000000000002,74.41371124379549,15.740740740740577,194.44557726760544,194.86298028048753,116185693,60106101,224.31266349846726,203.88055120561825,226.46306314314023,215.61177077971237,223.45275999999998,206.38792000000004,220.44245685685974,197.1640692202877,0,Deep Downtrend regime
IWM,IWM_2024-08-05T13:00:00_2024-11-07T11:00:00,2024-08-05T13:00:00,2024-11-07T11:00:00,1070,up,0.20458553791887146,,0.01562894768132549,0.00007875509035689338,1633749.0289719626,23194338,51.70520487716408,0.004333433932637986,18237505,196.71319384723722,198.45,239.05,40.60000000000002,15.740740740740577,59.89583333333337,194.86298028048753,198.81682724328388,60106101,78343606,203.88055120561825,236.38371903533982,215.61177077971237,241.45668857074617,206.38792000000004,236.33649999999997,197.1640692202877,231.21631142925378,1,Strong Uptrend regime
NVDA,NVDA_2022-12-13T05:00:00_2022-12-28T05:00:00,2022-12-13T05:00:00,2022-12-28T05:00:00,11,down,-0.22332890659583882,,-3.8042727272727275,-0.021050645901243514,47712530,68693255,48.02127059220557,0.04390943539518732,-386918809,153.65460716003975,180.72,140.36,-40.359999999999985,65.82633053221289,35.438792621576326,152.31361269807064,153.6496352450071,344109421,-42809388,167.16467595167913,157.42908754285114,178.77454851979772,184.95924312449736,164.34999999999997,164.0835,149.9254514802022,143.2077568755026,0,Deep Downtrend regime
NVDA,NVDA_2022-12-28T05:00:00_2023-02-14T05:00:00,2022-12-28T05:00:00,2023-02-14T05:00:00,33,up,0.6365773724707893,,2.9113536096256687,0.020742046235577575,50740217.333333336,69801249,61.674631898010574,0.04714237931727887,882646557,157.63146535882052,140.36,229.71,89.35,35.438792621576326,69.32612841703751,153.6496352450071,167.8444919612302,-42809388,839837169,157.42908754285114,210.8237567830563,184.95924312449736,237.07532343609824,164.0835,203.10399999999998,143.2077568755026,169.13267656390173,1,Strong Uptrend regime
NVDA,NVDA_2023-02-14T05:00:00_2023-02-21T05:00:00,2023-02-14T05:00:00,2023-02-21T05:00:00,5,down,-0.10082277654433847,,-6.007999999999998,-0.02615471681685603,50110465.6,69801249,62.60519262324747,0.04253083765108549,-180751079,168.9800300645914,229.71,206.55,-23.159999999999997,69.32612841703751,56.119991241515216,167.8444919612302,169.95533662184616,839837169,659086090,210.8237567830563,212.98764202431352,237.07532343609824,234.20686731511876,203.10399999999998,210.9215,169.13267656390173,187.63613268488126,0,Deep Downtrend regime
NVDA,NVDA_2023-02-21T05:00:00_2023-07-18T04:00:00,2023-02-21T05:00:00,2023-07-18T04:00:00,102,up,1.2993948196562575,,2.420578057234622,0.011719090085861156,49500186.14705882,156572617,63.73189045195771,0.03210026330154597,961557250,206.82967937932617,206.55,474.94,268.39,56.119991241515216,78.06754596322946,169.95533662184616,253.1578075422176,659086090,1620643340,212.98764202431352,440.09803675359905,234.20686731511876,467.7865352012401,210.9215,431.03000000000003,187.63613268488126,394.27346479875996,1,Strong Uptrend regime
NVDA,NVDA_2023-07-18T04:00:00_2023-08-11T04:00:00,2023-07-18T04:00:00,2023-08-11T04:00:00,19,down,-0.13978607824146205,,-2.1435877192982447,-0.004513386363115856,44174364.84210526,97466460,55.55031452866092,0.031807102790546056,-276303273,261.41600407669074,474.94,408.55,-66.38999999999999,78.06754596322946,32.57744388796144,253.1578075422176,268.26804437176986,1620643340,1344340067,440.09803675359905,439.89995582691955,467.7865352012401,483.88311739186184,431.03000000000003,450.91574999999995,394.27346479875996,417.94838260813805,2,Moderate/Sideways regime
NVDA,NVDA_2023-08-11T04:00:00_2023-08-31T04:00:00,2023-08-11T04:00:00,2023-08-31T04:00:00,15,up,0.20805286990576422,,5.217232142857143,0.012770119062188577,69559735.06666666,115650628,52.13313488917368,0.045649818037426106,340571983,276.53852189662456,408.55,493.55,85,32.57744388796144,78.97068847989095,268.26804437176986,285.76757924929285,1344340067,1684912050,439.89995582691955,467.2028680357968,483.88311739186184,499.4189306321774,450.91574999999995,452.7745000000001,417.94838260813805,406.1300693678228,2,Moderate/Sideways regime
NVDA,NVDA_2023-08-31T04:00:00_2023-09-21T04:00:00,2023-08-31T04:00:00,2023-09-21T04:00:00,15,down,-0.1689393171917739,,-5.007285714285715,-0.010145447703952416,43613778.86666667,52870144,45.31658267263527,0.031001990008924778,-270992711,290.4560358545566,493.55,410.17,-83.38,78.97068847989095,8.184553660983028,285.76757924929285,294.3619518655871,1684912050,1413919339,467.2028680357968,444.0295526340308,499.4189306321774,504.6952729157494,452.7745000000001,459.553,406.1300693678228,414.4107270842506,2,Moderate/Sideways regime
NVDA,NVDA_2023-09-21T04:00:00_2023-10-12T04:00:00,2023-09-21T04:00:00,2023-10-12T04:00:00,16,up,0.1445254406709413,,3.7864117647058806,0.00923132302388249,42213219.25,48146334,43.56642658356229,0.027405857235936845,373686783,298.0249050771295,410.17,469.45,59.27999999999997,8.184553660983028,78.18277865821447,294.3619518655871,301.94707026108034,1413919339,1787606122,444.0295526340308,450.241440961198,504.6952729157494,471.4799376203757,459.553,438.52649999999994,414.4107270842506,405.57306237962416,2,Moderate/Sideways regime
NVDA,NVDA_2023-10-12T04:00:00_2023-10-26T04:00:00,2023-10-12T04:00:00,2023-10-26T04:00:00,11,down,-0.1409947811268506,,-5.259454545454545,-0.011203439227722965,50676174.18181818,81269482,51.34418502385681,0.039438902522420036,-257729520,304.74195726557315,469.45,403.26,-66.19,78.18277865821447,31.38356164383559,301.94707026108034,307.04937806184523,1787606122,1529876602,450.241440961198,430.92932441636356,471.4799376203757,476.8018961030315,438.52649999999994,440.51599999999996,405.57306237962416,404.23010389696844,2,Moderate/Sideways regime
NVDA,NVDA_2023-10-26T04:00:00_2024-03-25T04:00:00,2023-10-26T04:00:00,2024-03-25T04:00:00,103,up,1.3558498239349301,,5.07080497957211,0.012574530029192359,48382480.116504855,114226906,66.93785488998898,0.03216178470355593,1345631691,339.41841948538416,403.26,950.02,546.76,31.38356164383559,64.58635938155643,307.04937806184523,399.3697532073824,1529876602,2875508293,430.92932441636356,893.034427072357,476.8018961030315,972.7640144914802,440.51599999999996,875.5797499999999,404.23010389696844,778.3954855085195,2,Moderate/Sideways regime
NVDA,NVDA_2024-03-25T04:00:00_2024-04-19T04:00:00,2024-03-25T04:00:00,2024-04-19T04:00:00,19,down,-0.19791162291320186,,-5.540228070175438,-0.0058316962486846995,46762725.473684214,87519800,44.7817126693826,0.04209629934950215,-239529020,410.2415056993433,950.02,762,-188.01999999999998,64.58635938155643,28.53635619676902,399.3697532073824,420.50628569368024,2875508293,2635979273,893.034427072357,856.7021287750213,972.7640144914802,960.7473806708773,875.5797499999999,880.9,778.3954855085195,801.0526193291226,2,Moderate/Sideways regime
NVDA,NVDA_2024-04-19T04:00:00_2024-06-05T04:00:00,2024-04-19T04:00:00,2024-06-05T04:00:00,33,up,0.6068241469816273,,11.795260695187167,0.015479344744340115,45967904.515151516,87519800,62.51270027382142,0.03824617578176757,447326773,437.4836271271088,762,1224.4,462.4000000000001,28.53635619676902,82.06281128942999,420.50628569368024,459.59236475788356,2635979273,3083306046,856.7021287750213,1080.4521882737724,960.7473806708773,1229.8572083947615,880.9,1015.1899999999999,801.0526193291226,800.5227916052384,2,Moderate/Sideways regime
NVDA,NVDA_2024-06-05T04:00:00_2024-06-11T04:00:00,2024-06-05T04:00:00,2024-06-11T04:00:00,5,down,-0.90124959163672,,-329.517,-0.26912528585429596,139452440.2,314162666,57.89583523073706,0.16268457392014854,-644422023,459.6693972018722,1224.4,120.91,-1103.49,82.06281128942999,21.984541803725307,459.59236475788356,454.6926816872679,3083306046,2438884023,1080.4521882737724,865.8386700106117,1229.8572083947615,1569.4988875104107,1015.1899999999999,968.5500000000002,800.5227916052384,367.6011124895897,3,Crash regime
NVDA,NVDA_2024-06-11T04:00:00_2024-06-18T04:00:00,2024-06-11T04:00:00,2024-06-18T04:00:00,6,up,0.12132991481267075,,2.6560000000000006,0.021966752129683242,279168428.3333333,309320376,16.740403477568243,0.03275137021596849,875450524,443.7967579326296,120.91,135.58,14.670000000000016,21.984541803725307,11.049655755990628,454.6926816872679,433.3090756603743,2438884023,3314334547,865.8386700106117,490.4356224582717,1569.4988875104107,1716.1472553009635,968.5500000000002,767.4105,367.6011124895897,-181.32625530096345,2,Moderate/Sideways regime
NVDA,NVDA_2024-06-18T04:00:00_2024-06-24T04:00:00,2024-06-18T04:00:00,2024-06-24T04:00:00,4,down,-0.12885381324679168,,-5.662000000000004,-0.041761321728868595,485912252.25,655484664,10.321813292335971,0.057978219762894294,-1649313955,422.34776532357154,135.58,118.11,-17.470000000000013,11.049655755990628,7.4243086901628175,433.3090756603743,411.8471721479139,3314334547,1665020592,490.4356224582717,362.7266674195031,1716.1472553009635,1665.5418756559093,767.4105,639.1160000000001,-181.32625530096345,-387.3098756559092,2,Moderate/Sideways regime
NVDA,NVDA_2024-06-24T04:00:00_2024-07-10T04:00:00,2024-06-24T04:00:00,2024-07-10T04:00:00,12,up,0.14224028448056902,,0.9328671328671321,0.00789829085485676,294944049.8333333,476060866,30.841773571229652,0.038205683748685305,1062881416,393.47071188953345,118.11,134.91,16.799999999999997,7.4243086901628175,49.304257528556576,411.8471721479139,379.16985116758474,1665020592,2727902008,362.7266674195031,176.73332219528714,1665.5418756559093,136.05843265489113,639.1160000000001,127.26049999999998,-387.3098756559092,118.46256734510882,2,Moderate/Sideways regime
NVDA,NVDA_2024-07-10T04:00:00_2024-07-30T04:00:00,2024-07-10T04:00:00,2024-07-30T04:00:00,15,down,-0.23111704099028973,,-1.7262142857142857,-0.012795302688564863,298402352.26666665,486833274,43.47257256238628,0.04693935045288399,-1976800553,361.66944244410456,134.91,103.73,-31.179999999999993,49.304257528556576,21.043833580980703,379.16985116758474,343.48859026696516,2727902008,751101455,176.73332219528714,123.7635924020688,136.05843265489113,137.54605545514974,127.26049999999998,122.03799999999998,118.46256734510882,106.52994454485024,0,Deep Downtrend regime
NVDA,NVDA_2024-07-30T04:00:00_2024-07-31T04:00:00,2024-07-30T04:00:00,2024-07-31T04:00:00,2,up,0.12812108358237717,,13.289999999999992,0.12812108358237725,480003728,486833274,31.169350537555093,0.07742584276129491,473174182,341.7834306219481,103.73,117.02,13.289999999999992,21.043833580980703,41.294867494129484,343.48859026696516,340.0782709769311,751101455,1224275637,123.7635924020688,122.86444674845963,137.54605545514974,137.41234320033897,122.03799999999998,121.75550000000001,106.52994454485024,106.09865679966107,0,Deep Downtrend regime
NVDA,NVDA_2024-07-31T04:00:00_2024-08-07T04:00:00,2024-07-31T04:00:00,2024-08-07T04:00:00,6,down,-0.1547598701076739,,-3.2071428571428564,-0.0274067924896843,475326476.5,552842375,35.95464616098149,0.09200528688258763,-1560760499,331.32906997179737,117.02,98.91,-18.11,41.294867494129484,33.96008099508242,340.0782709769311,323.4742099063997,1224275637,-336484862,122.86444674845963,112.89411140289823,137.41234320033897,133.6770520792851,121.75550000000001,115.32999999999997,106.09865679966107,96.98294792071485,0,Deep Downtrend regime
NVDA,NVDA_2024-08-07T04:00:00_2024-08-19T04:00:00,2024-08-07T04:00:00,2024-08-19T04:00:00,9,up,0.31432615509048634,,3.807833333333334,0.03849796110942608,334517518,411440423,49.003220313447656,0.051029208022980777,2017528925,315.5972596159359,98.91,130,31.090000000000003,33.96008099508242,68.62328087338722,323.4742099063997,308.6623100049768,-336484862,1681044063,112.89411140289823,117.11687509677495,133.6770520792851,128.80981698470686,115.32999999999997,112.25050000000002,96.98294792071485,95.69118301529319,1,Strong Uptrend regime
NVDA,NVDA_2024-08-19T04:00:00_2024-09-06T04:00:00,2024-08-19T04:00:00,2024-09-06T04:00:00,14,down,-0.20899999999999996,,-2.1181098901098903,-0.01629315300084531,358272386.0714286,477155100,59.067251986573304,0.05198613740923475,-1647778316,298.1692544423344,130,102.83,-27.17,68.62328087338722,30.437128980032398,308.6623100049768,286.9225204207134,1681044063,33265747,117.11687509677495,115.02672054483118,128.80981698470686,136.8998792901839,112.25050000000002,118.7935,95.69118301529319,100.6871207098161,0,Deep Downtrend regime
NVDA,NVDA_2024-09-06T04:00:00_2024-11-07T05:00:00,2024-09-06T04:00:00,2024-11-07T05:00:00,45,up,0.44782650977341243,,0.8258392621870883,0.008031112148080213,261100007.95555556,441422370,59.52681694445686,0.03317613440039031,3506942782,266.3392472809285,102.83,148.88,46.05,30.437128980032398,64.24083769633508,286.9225204207134,252.468989700951,33265747,3540208529,115.02672054483118,139.78965959266452,136.8998792901839,147.5592330338852,118.7935,139.18225,100.6871207098161,130.80526696611483,1,Strong Uptrend regime
NVDA,NVDA_2024-08-26T10:15:00_2024-09-06T15:45:00,2024-08-26T10:15:00,2024-09-06T15:45:00,535,down,-0.22335370511841102,,-0.053735830785168956,-0.00041051054839701264,6062832.177570093,53583110,45.170522055583625,0.007153279710349535,-138758773,119.74695657639545,130.9,101.663,-29.23700000000001,88.43062393248269,31.08129677579538,118.94195102720667,117.98068079251615,526530887,387772114,130.28461564627435,103.71616038597794,131.1939412762011,108.919414867253,129.94998500000003,104.903505,128.70602872379897,100.887595132747,0,Deep Downtrend regime
NVDA,NVDA_2024-09-06T15:45:00_2024-11-08T09:00:00,2024-09-06T15:45:00,2024-11-08T09:00:00,2850,up,0.47418431484414203,,0.013037143829050146,0.0001282388266040757,4051226.980350877,110385282,52.81846450717771,0.004112229597457564,359991850,119.03364941270088,101.663,149.87,48.20700000000001,31.08129677579538,93.70078740157597,117.98068079251615,123.54040729832239,387772114,747763964,103.71616038597794,149.10961099498576,108.919414867253,149.6537697723183,104.903505,148.93675999999996,100.887595132747,148.21975022768163,1,Strong Uptrend regime
NVDA,NVDA_2023-11-21T00:00:00_2023-12-05T10:00:00,2023-11-21T00:00:00,2023-12-05T10:00:00,144,down,-0.10856622955359085,,-0.2770502441523993,-0.0005479741374481286,2963414.2916666665,19216067,43.07809610279822,0.007516592897329812,-168584139,447.9702731088072,505.59,450.7,-54.889999999999986,82.73263433813891,27.537465940054545,443.5438450417234,450.0020062934567,120660802,-47923337,501.3727101010611,454.98759047794385,507.5731379172497,469.13358900202445,498.5499500000001,457.506,489.52676208275045,445.8784109979755,2,Moderate/Sideways regime
NVDA,NVDA_2023-12-05T10:00:00_2024-03-08T14:00:00,2023-12-05T10:00:00,2024-03-08T14:00:00,1029,up,1.1234672731306858,,0.4210045479661833,0.0009341125981055764,2945081.4178814385,24200561,59.285168872923826,0.008111846409721573,456861258,482.655295838354,450.7,957.0467,506.3467,27.537465940054545,79.59515202674488,450.0020062934567,554.3600069926832,-47923337,408937921,454.98759047794385,940.0214563256133,469.13358900202445,968.5006079452232,457.506,930.2021200000001,445.8784109979755,891.9036320547771,2,Moderate/Sideways regime
NVDA,NVDA_2024-03-08T14:00:00_2024-03-09T00:00:00,2024-03-08T14:00:00,2024-03-09T00:00:00,11,down,-0.11080619158918781,,-9.235393636363638,-0.009649888178250484,10081594.727272727,30069248,37.00387865977488,0.024647539051759756,-78330832,558.7499277418484,957.0467,851,-106.04669999999999,79.59515202674488,16.387504335524838,554.3600069926832,560.5367888092293,408937921,330607089,940.0214563256133,888.0497045818942,968.5006079452232,992.1929217576239,930.2021200000001,913.5418700000002,891.9036320547771,834.8908182423766,2,Moderate/Sideways regime
NVDA,NVDA_2024-03-09T00:00:00_2024-03-25T18:00:00,2024-03-09T00:00:00,2024-03-25T18:00:00,172,up,0.13043478260869557,,0.31292878263679086,0.0003677188985156179,3816906.1744186045,13860633,54.186007242144136,0.012768787528735871,175243858,579.1977704607649,851,962,111,16.387504335524838,65.28627015008342,560.5367888092293,596.6204799228647,330607089,505850947,888.0497045818942,950.1602313291224,992.1929217576239,962.5128986778091,913.5418700000002,947.6186799999999,834.8908182423766,932.7244613221908,2,Moderate/Sideways regime
NVDA,NVDA_2024-03-25T18:00:00_2024-04-19T23:00:00,2024-03-25T18:00:00,2024-04-19T23:00:00,294,down,-0.21035343035343035,,-0.302049507415623,-0.000313980776939317,2883226.068027211,20026024,46.1624081537519,0.009155655006252976,-177798812,614.7867079667974,962,759.64,-202.36,65.28627015008342,15.040166617078285,596.6204799228647,630.2971936817606,505850947,328052135,950.1602313291224,790.9346734206176,962.5128986778091,882.3043458830098,947.6186799999999,812.7022750000001,932.7244613221908,743.1002041169904,2,Moderate/Sideways regime
NVDA,NVDA_2024-04-19T23:00:00_2024-06-06T11:00:00,2024-04-19T23:00:00,2024-06-06T11:00:00,517,up,0.6395924385235112,,0.7399442501939533,0.000974072258166965,2764998.847195358,18204635,59.11395863959318,0.009859909816423516,224002187,653.3398816665375,759.64,1245.5,485.86,15.040166617078285,85.10182207931416,630.2971936817606,686.8678287968113,328052135,552054322,790.9346734206176,1224.5051923503192,882.3043458830098,1260.579785931547,812.7022750000001,1212.4081449999999,743.1002041169904,1164.2365040684529,2,Moderate/Sideways regime
NVDA,NVDA_2024-06-06T11:00:00_2024-06-10T13:00:00,2024-06-06T11:00:00,2024-06-10T13:00:00,35,down,-0.9050421517462867,,-26.64691431372549,-0.021394551837595737,5008756.028571429,59993496,40.58507372322964,0.01343900947640443,-54899313,691.1481086218796,1245.5,118.27,-1127.23,85.10182207931416,2.2548780741370393,686.8678287968113,688.7201601447366,552054322,497155009,1224.5051923503192,580.0193189542626,1260.579785931547,1871.613887693612,1212.4081449999999,878.44074,1164.2365040684529,-114.73240769361212,2,Moderate/Sideways regime
NVDA,NVDA_2024-06-10T13:00:00_2024-06-20T12:00:00,2024-06-10T13:00:00,2024-06-20T12:00:00,112,up,0.1884670668808659,,0.16044030691563876,0.0013565596255655599,17853351.339285713,65075854,58.0056861646729,0.010016312141947845,376411592,631.342802116841,118.27,140.56,22.290000000000006,2.2548780741370393,84.2904683113648,688.7201601447366,585.3859426761586,497155009,873566601,580.0193189542626,137.4884421165312,1871.613887693612,141.69246636025144,878.44074,135.73937500000002,-114.73240769361212,129.7862836397486,2,Moderate/Sideways regime
NVDA,NVDA_2024-06-20T12:00:00_2024-06-24T23:00:00,2024-06-20T12:00:00,2024-06-24T23:00:00,44,down,-0.17081673306772915,,-0.4464685200845665,-0.003176355436002892,37297932.52272727,220064338,30.644790680212846,0.01872320822961364,-955125575,550.9233472010574,140.56,116.55,-24.010000000000005,84.2904683113648,16.63835982045356,585.3859426761586,523.9164028872356,873566601,-81558974,137.4884421165312,119.74209087182322,141.69246636025144,129.05979830982685,135.73937500000002,121.80359000000001,129.7862836397486,114.54738169017318,0,Deep Downtrend regime
NVDA,NVDA_2024-06-24T23:00:00_2024-07-11T12:00:00,2024-06-24T23:00:00,2024-07-11T12:00:00,179,up,0.1691977691977693,,0.05747508484506099,0.0004931367211073444,17191962.094972067,70314465,56.13399230800076,0.011461068072458573,615168007,476.4778643729117,116.55,136.27,19.720000000000013,16.63835982045356,73.8282164209276,523.9164028872356,443.59763312575757,-81558974,533609033,119.74209087182322,135.1991660981194,129.05979830982685,136.90001397068005,121.80359000000001,134.76049499999996,114.54738169017318,132.62097602931988,1,Strong Uptrend regime
NVDA,NVDA_2024-07-11T12:00:00_2024-07-30T16:00:00,2024-07-11T12:00:00,2024-07-30T16:00:00,213,down,-0.24693696338152205,,-0.09343440198588812,-0.0006856564319798056,18808380.28169014,140220732,40.36942717365095,0.013845812775230322,-1471193560,408.35124744848474,136.27,102.6199,-33.65010000000001,73.8282164209276,10.76978738083821,443.59763312575757,376.21711953565335,533609033,-937584527,135.1991660981194,108.91678401633773,136.90001397068005,116.58429989890452,134.76049499999996,110.71856000000002,132.62097602931988,104.85282010109553,0,Deep Downtrend regime
NVDA,NVDA_2024-07-30T16:00:00_2024-07-31T23:00:00,2024-07-30T16:00:00,2024-07-31T23:00:00,24,up,0.18222586457402512,,0.7964130869565217,0.007760805525600022,31141729.458333332,86010176,61.79186250729117,0.023008605110328147,216890081,371.50489246133344,102.6199,121.3199,18.700000000000003,10.76978738083821,90.3019063284338,376.21711953565335,367.0554309113807,-937584527,-720694446,108.91678401633773,116.46252340184478,116.58429989890452,123.06354362558099,110.71856000000002,113.546905,104.85282010109553,104.030266374419,1,Strong Uptrend regime
NVDA,NVDA_2024-07-31T23:00:00_2024-08-05T12:00:00,2024-07-31T23:00:00,2024-08-05T12:00:00,38,down,-0.23194793269694414,,-0.5580843527738264,-0.004600105611476983,27632505.342105262,89727123,40.720731981581174,0.02966936312330759,-322257205,360.0190301813938,121.3199,93.18,-28.139899999999997,90.3019063284338,27.73123646609308,367.0554309113807,354.11554743617904,-720694446,-1042951651,116.46252340184478,100.99483573443888,123.06354362558099,112.37622499631115,113.546905,103.29481500000001,104.030266374419,94.21340500368888,0,Deep Downtrend regime
NVDA,NVDA_2024-08-05T12:00:00_2024-08-26T09:00:00,2024-08-05T12:00:00,2024-08-26T09:00:00,238,up,0.4013736853402019,,0.14648104915394472,0.0015720224206261506,21888275.32352941,118657153,61.645235403158004,0.014492393202528915,1344995934,325.6515062929269,93.18,130.58,37.400000000000006,27.73123646609308,84.76995229239121,354.11554743617904,306.6119690771814,-1042951651,302044283,100.99483573443888,128.72411704904584,112.37622499631115,131.44111413253043,103.29481500000001,127.52224499999997,94.21340500368888,123.60337586746951,1,Strong Uptrend regime
NVDA,NVDA_2024-08-26T09:00:00_2024-09-06T15:00:00,2024-08-26T09:00:00,2024-09-06T15:00:00,135,down,-0.22145045183029566,,-0.2143742117842162,-0.0016417078555997563,24030386.081481483,93453222,41.73853331301982,0.015247891908487606,-988155775,296.09685359376755,130.58,101.663,-28.917000000000016,84.76995229239121,27.459517262450305,306.6119690771814,285.6558692347133,302044283,-686111492,128.72411704904584,105.12071692341067,131.44111413253043,109.48320090527625,127.52224499999997,106.02154999999998,123.60337586746951,102.5598990947237,0,Deep Downtrend regime
NVDA,NVDA_2024-09-06T15:00:00_2024-11-08T09:00:00,2024-09-06T15:00:00,2024-11-08T09:00:00,714,up,0.4706432035253729,,0.052152561069818776,0.0005129945119642228,16243067.7535014,135586369,54.19332199443721,0.00883111341316094,385803782,258.0440404816487,101.663,149.51,47.846999999999994,27.459517262450305,89.69754253308187,285.6558692347133,240.93731196980863,-686111492,-300307710,105.12071692341067,148.15913365834624,109.48320090527625,150.53959937245082,106.02154999999998,147.38406999999998,102.5598990947237,144.22854062754914,1,Strong Uptrend regime
NVDA,NVDA_2024-04-19T23:30:00_2024-06-06T11:00:00,2024-04-19T23:30:00,2024-06-06T11:00:00,1031,up,0.6439366015481016,,0.3695735855207907,0.00048651148638933014,1386233.4936954414,17219558,57.704995509562494,0.006642090144160245,185170777,864.5309746043578,759.64,1248.8,489.15999999999997,9.975174904084923,66.902699750312,840.4509181523156,943.7257355525715,-94660188,90510589,773.3002771366581,1235.7600394908702,830.5919985421679,1252.2312595701276,783.6482749999999,1232.921435,736.7045514578319,1213.6116104298724,2,Moderate/Sideways regime
NVDA,NVDA_2024-06-06T11:00:00_2024-06-10T13:30:00,2024-06-06T11:00:00,2024-06-10T13:30:00,70,down,-0.9052930813581038,,-13.389001263231563,-0.010721493644483956,2504378.0142857144,56116517,40.58660704044155,0.008948708434224878,-57816760,953.5136856175884,1248.8,118.27,-1130.53,66.902699750312,0.3422185447249433,943.7257355525715,928.2356213702965,90510589,32693829,1235.7600394908702,315.0201924735805,1252.2312595701276,1619.3133484052348,1232.921435,554.7836650000002,1213.6116104298724,-509.7460184052345,2,Moderate/Sideways regime
NVDA,NVDA_2024-06-10T13:30:00_2024-06-20T12:00:00,2024-06-10T13:30:00,2024-06-20T12:00:00,222,up,0.18905893295002962,,0.07969931367156367,0.0006738759928262762,8976421.315315315,59417614,59.498824846067734,0.006799921593488739,198595455,668.958985686951,118.27,140.63,22.36,0.3422185447249433,76.41723356009045,928.2356213702965,520.9274226657802,32693829,231289284,315.0201924735805,138.82645992888555,1619.3133484052348,141.7396809924144,554.7836650000002,137.86650000000003,-509.7460184052345,133.99331900758565,2,Moderate/Sideways regime
NVDA,NVDA_2024-06-20T12:00:00_2024-06-24T23:30:00,2024-06-20T12:00:00,2024-06-24T23:30:00,88,down,-0.17122946739671474,,-0.22220330386390053,-0.0015800562032560659,18648966.261363637,216749999,33.58892159033355,0.0124151768061799,-732267778,451.2553325666499,140.63,116.55,-24.08,76.41723356009045,29.156218655967848,520.9274226657802,402.7025943280319,231289284,-500978494,138.82645992888555,117.98798064149474,141.7396809924144,121.8988687139187,137.86650000000003,118.67384000000001,133.99331900758565,115.44881128608132,0,Deep Downtrend regime
NVDA,NVDA_2024-06-24T23:30:00_2024-07-11T12:30:00,2024-06-24T23:30:00,2024-07-11T12:30:00,357,up,0.1691977691977693,,0.028363342571351563,0.00024335772261991904,8618726.551820729,67107904,55.92261777074959,0.0076951988793872664,384536386,339.9678499429016,116.55,136.27,19.720000000000013,29.156218655967848,58.791145443016255,402.7025943280319,302.8346768428551,-500978494,-116442108,117.98798064149474,135.59826009505917,121.8988687139187,136.3393775221522,118.67384000000001,135.5721,115.44881128608132,134.8048224778478,1,Strong Uptrend regime
NVDA,NVDA_2024-07-11T12:30:00_2024-07-30T16:30:00,2024-07-11T12:30:00,2024-07-30T16:30:00,425,down,-0.24693696338152205,,-0.04643246775882823,-0.00034073873749782213,9417743.745882353,82115695,44.337362041368316,0.009250696959006072,-665587223,270.9918956707187,136.27,102.6199,-33.65010000000001,58.791145443016255,7.929471134031175,302.8346768428551,244.26309344761265,-116442108,-782029331,135.59826009505917,107.52307303061835,136.3393775221522,114.9930482546907,135.5721,109.317515,134.8048224778478,103.6419817453093,0,Deep Downtrend regime
NVDA,NVDA_2024-07-30T16:30:00_2024-07-31T23:00:00,2024-07-30T16:30:00,2024-07-31T23:00:00,46,up,0.18388343781274386,,0.39111878507554715,0.0038113346931301544,15662637.630434783,80905613,67.31524183003806,0.015986908581050986,144496316,240.72409144769648,102.6199,121.49,18.870099999999994,7.929471134031175,72.49492239040518,244.26309344761265,237.3680241869316,-782029331,-637533015,107.52307303061835,118.49432116978701,114.9930482546907,122.07031975177114,109.317515,117.22882,103.6419817453093,112.38732024822886,1,Strong Uptrend regime
NVDA,NVDA_2024-07-31T23:00:00_2024-08-05T13:00:00,2024-07-31T23:00:00,2024-08-05T13:00:00,77,down,-0.24240678245123048,,-0.28317556916767456,-0.002330854960636057,13776785.922077922,71290270,38.74414732686086,0.020202407795253355,-69111553,232.2135126100556,121.49,92.04,-29.44999999999999,72.49492239040518,9.940249864204233,237.3680241869316,227.7637485887121,-637533015,-706644568,118.49432116978701,97.24982756734161,122.07031975177114,112.60168069695615,117.22882,100.88100000000003,112.38732024822886,89.1603193030439,0,Deep Downtrend regime
NVDA,NVDA_2024-08-05T13:00:00_2024-08-26T10:00:00,2024-08-05T13:00:00,2024-08-26T10:00:00,475,up,0.4222077357670577,,0.07293555591510419,0.0007924332454922227,10923986.408421053,107879840,58.381347862591554,0.009805476193017642,647600722,208.71390967702843,92.04,130.9,38.86,9.940249864204233,89.93457473578283,227.7637485887121,197.66716452374652,-706644568,-59043846,97.24982756734161,129.76944273039197,112.60168069695615,131.13036059148357,100.88100000000003,129.28713499999998,89.1603193030439,127.44390940851639,1,Strong Uptrend regime
NVDA,NVDA_2024-08-26T10:00:00_2024-09-06T15:30:00,2024-08-26T10:00:00,2024-09-06T15:30:00,268,down,-0.22335370511841102,,-0.1075008030313327,-0.0008212437206366135,12103275.167910447,79054821,43.25930350946951,0.010444504420023613,-637587604,191.9778356628601,130.9,101.663,-29.23700000000001,89.93457473578283,35.552877372702554,197.66716452374652,186.0983799443506,-59043846,-696631450,129.76944273039197,104.48822870533758,131.13036059148357,108.48936105585517,129.28713499999998,105.19800000000001,127.44390940851639,101.90663894414485,0,Deep Downtrend regime
NVDA,NVDA_2024-09-06T15:30:00_2024-11-08T09:00:00,2024-09-06T15:30:00,2024-11-08T09:00:00,1426,up,0.4724137591847575,,0.026073966640576374,0.00025647449554485284,8107125.4775596075,134297184,53.904547554335565,0.005987840874433061,620933172,172.7601679645685,101.663,149.69,48.027,35.552877372702554,79.1821105835505,186.0983799443506,166.17244313926236,-696631450,-75698278,104.48822870533758,148.79500790429995,108.48936105585517,149.65038361641462,105.19800000000001,148.56689500000002,101.90663894414485,147.48340638358542,1,Strong Uptrend regime
QQQ,QQQ_2023-07-18T04:00:00_2023-10-26T04:00:00,2023-07-18T04:00:00,2023-10-26T04:00:00,72,down,-0.10908902369471662,,-0.28664190623191194,-0.0007430961430806033,52385298.73611111,78735619,48.23982982203984,0.014471612653189322,-482489458,317.6605240285706,385.74,343.66,-42.079999999999984,84.63484034144797,29.533073929961162,308.58870308086705,324.2294631058657,814945649,332456191,373.29195440052473,358.16293102949,383.466071287716,375.11811088752347,369.2489999999999,361.17600000000004,355.03192871228384,347.2338891124766,0,Deep Downtrend regime
QQQ,QQQ_2023-10-26T04:00:00_2024-07-10T04:00:00,2023-10-26T04:00:00,2024-07-10T04:00:00,176,up,0.46353954489902804,,0.5950131410961919,0.0017314006317179532,41789128.01136363,78735619,62.63054918331916,0.011253593194457118,1422043631,341.6673382805048,343.66,502.96,159.29999999999995,29.533073929961162,69.61325966850829,324.2294631058657,358.4721957204996,332456191,1754499822,358.16293102949,488.18376499081216,375.11811088752347,501.5631029600577,361.17600000000004,483.92999999999984,347.2338891124766,466.296897039942,2,Moderate/Sideways regime
QQQ,QQQ_2024-07-10T04:00:00_2024-08-07T04:00:00,2024-07-10T04:00:00,2024-08-07T04:00:00,21,down,-0.13557738189915702,,-3.139467532467533,-0.006241982528367133,46865517.333333336,87483452,42.18195280177979,0.020707283640640544,-335251809,360.81544808207764,502.96,434.77,-68.19,69.61325966850829,28.813719916619263,358.4721957204996,363.056585978543,1754499822,1419248013,488.18376499081216,457.0140747905407,501.5631029600577,506.93811818829147,483.92999999999984,468.6940000000001,466.296897039942,430.4498818117087,2,Moderate/Sideways regime
QQQ,QQQ_2024-08-07T04:00:00_2024-11-08T05:00:00,2024-08-07T04:00:00,2024-11-08T05:00:00,67,up,0.18255629413252983,,0.6537437145821694,0.0015036541495093254,32390834.119402986,57842992,57.24972415751939,0.013953270157387768,699025071,368.2058677338457,434.77,514.14,79.37,28.813719916619263,63.490919573364074,363.056585978543,373.2230794876586,1419248013,2118273084,457.0140747905407,498.2002932132615,506.93811818829147,511.0083723686151,468.6940000000001,495.3529999999999,430.4498818117087,479.6976276313847,2,Moderate/Sideways regime
QQQ,QQQ_2024-07-11T12:00:00_2024-08-05T12:00:00,2024-07-11T12:00:00,2024-08-05T12:00:00,273,down,-0.15753901202663756,,-0.17961674968976948,-0.0003570554610670301,2767883.6263736263,15875931,41.97496626352902,0.005116929440370692,-246595596,415.40897823800015,503.05,423.8,-79.25,91.86228482003052,17.56048882522518,412.69795063969565,417.45414462602247,322339157,75743561,502.2309152431498,438.5208137030607,504.799540623643,461.65122560184005,501.6003749999999,443.65350499999994,498.40120937635675,425.6557843981598,2,Moderate/Sideways regime
QQQ,QQQ_2024-08-05T12:00:00_2024-11-08T18:00:00,2024-08-05T12:00:00,2024-11-08T18:00:00,1094,up,0.21429919773478057,,0.043460193539253233,0.00010254882854944132,2108237.545703839,15726754,54.56319124615885,0.003911785044393032,89394459,423.00258718912994,423.8,514.62,90.82,17.56048882522518,57.33285406182597,417.45414462602247,428.7486097803449,75743561,165138020,438.5208137030607,513.0602688781424,461.65122560184005,514.6279700619236,443.65350499999994,513.267625,425.6557843981598,511.90727993807633,2,Moderate/Sideways regime
QQQ,QQQ_2024-07-11T13:00:00_2024-08-05T12:00:00,2024-07-11T13:00:00,2024-08-05T12:00:00,543,down,-0.16053897213720747,,-0.0889466860797346,-0.0001767691205527537,1385613.6095764271,11373999,45.82879709169908,0.0034309514068161305,-126995952,455.68251452033525,503.18,422.4,-80.78000000000003,57.14285714285714,4.78384124734238,451.2721242635297,457.0789732840795,-45254997,-172250949,502.8178385573215,433.6788116020927,503.1384819993519,458.54251202932994,502.8884999999999,439.50539,502.63851800064793,420.46826797067,2,Moderate/Sideways regime
QQQ,QQQ_2024-08-05T12:00:00_2024-11-08T19:00:00,2024-08-05T12:00:00,2024-11-08T19:00:00,2189,up,0.21870265151515156,,0.021760063971245816,0.00005151530296222968,1054439.1991777066,14015875,53.52617539306912,0.00265750072614379,-17920492,459.69152543179194,422.4,514.78,92.38,4.78384124734238,72.60869565217469,457.0789732840795,465.41651806554785,-172250949,-190171441,433.6788116020927,513.7479374919287,458.54251202932994,514.816473452561,439.50539,513.30862,420.46826797067,511.8007665474391,2,Moderate/Sideways regime
TLT,TLT_2022-12-07T05:00:00_2023-10-19T04:00:00,2022-12-07T05:00:00,2023-10-19T04:00:00,218,down,-0.24390243902439024,,-0.07820968581702688,-0.0007144394429252478,26706402.848623853,87707582,44.82752065461198,0.011157443656241718,-572140773,102.2689538408584,109.47,82.77,-26.700000000000003,72.78373800112931,34.42105263157896,99.33058718211323,99.07817024886204,187974703,-384166070,104.03270038186783,86.28309592906528,109.21761663122133,90.85634924733431,101.9725,86.922,94.72738336877866,82.98765075266569,0,Deep Downtrend regime
TLT,TLT_2023-10-19T04:00:00_2023-12-27T05:00:00,2023-10-19T04:00:00,2023-12-27T05:00:00,48,up,0.21432886311465515,,0.37005264871906224,0.004470854762825447,50497841.4375,89017612,62.636408969584814,0.011967930744300359,764327339,97.49240165788164,82.77,100.51,17.74000000000001,34.42105263157896,70.2620087336244,99.07817024886204,97.02658716076947,-384166070,380161269,86.28309592906528,97.64499319638247,90.85634924733431,101.80321970509264,86.922,96.3805,82.98765075266569,90.95778029490735,1,Strong Uptrend regime
TLT,TLT_2023-12-27T05:00:00_2024-04-25T04:00:00,2023-12-27T05:00:00,2024-04-25T04:00:00,83,down,-0.1266540642722117,,-0.09096364552285793,-0.0009050208488991934,43494663.90361446,84291219,43.14046581804052,0.008653912592436737,-630851237,96.70637034023058,100.51,87.78,-12.730000000000004,70.2620087336244,29.787234042553308,97.02658716076947,96.08778664136851,380161269,-250689968,97.64499319638247,89.52055906155817,101.80321970509264,94.00830395151702,96.3805,90.39450000000001,90.95778029490735,86.780696048483,0,Deep Downtrend regime
TLT,TLT_2024-04-25T04:00:00_2024-09-16T04:00:00,2024-04-25T04:00:00,2024-09-16T04:00:00,99,up,0.15436318067897004,,0.1083816944959802,0.0012346969069945341,36701316.333333336,91912942,57.074494356677775,0.0081306326578381,884392439,95.619952478819,87.78,101.33,13.549999999999997,29.787234042553308,70.95926412614983,96.08778664136851,95.63078075035708,-250689968,633702471,89.52055906155817,99.55265896962057,94.00830395151702,101.45969616749178,90.39450000000001,98.9235,86.780696048483,96.38730383250822,1,Strong Uptrend regime
TLT,TLT_2024-09-16T04:00:00_2024-11-06T05:00:00,2024-09-16T04:00:00,2024-11-06T05:00:00,38,down,-0.10983913944537649,,-0.26350640113798,-0.0026004776585214647,41076482.368421055,98895693,34.160214926934415,0.008810560679020377,-379267621,95.66776254549185,101.33,90.2,-11.129999999999995,70.95926412614983,32.03592814371257,95.63078075035708,95.54736123430668,633702471,254434850,99.55265896962057,92.36239093856058,101.45969616749178,95.24803029786096,98.9235,92.77775000000001,96.38730383250822,90.30746970213906,0,Deep Downtrend regime
TLT,TLT_2023-10-23T09:00:00_2023-12-27T20:00:00,2023-10-23T09:00:00,2023-12-27T20:00:00,728,up,0.22585365853658534,,0.02331358054238232,0.00028431195783393075,3115140.414835165,21209864,55.35293470799071,0.0036964752357538573,418986342,87.37103714330564,82,100.52,18.519999999999996,31.11888111888115,89.69298245614038,86.8435197281359,89.73135651099587,-99246553,319739789,82.94261532117135,99.72741087066977,83.79755858747637,100.5957029092252,83.048855,99.305345,82.30015141252363,98.01498709077481,1,Strong Uptrend regime
TLT,TLT_2023-12-27T20:00:00_2024-04-25T13:00:00,2023-12-27T20:00:00,2024-04-25T13:00:00,1307,down,-0.13008555511341025,,-0.005459424205671346,-0.0000543118205896473,2698979.035960214,30472681,48.13786005649199,0.0027937673791215917,242490071,91.47687203930865,100.52,87.4438,-13.0762,89.69298245614038,22.284950230278255,89.73135651099587,91.79215683852338,319739789,562229860,99.72741087066977,88.12925016310096,100.5957029092252,88.75882250216642,99.305345,88.22943999999998,98.01498709077481,87.70005749783354,0,Deep Downtrend regime
TLT,TLT_2024-04-25T13:00:00_2024-09-17T11:00:00,2024-04-25T13:00:00,2024-09-17T11:00:00,1580,up,0.16257527692071938,,0.006817491881128364,0.00007796426826291132,2294983.159493671,21190884,53.51881492933195,0.002521034720553965,291211608,91.83490905736889,87.4438,101.66,14.2162,22.284950230278255,93.70078740157393,91.79215683852338,92.53508311402675,562229860,853441468,88.12925016310096,101.27637967115648,88.75882250216642,101.81119456484318,88.22943999999998,101.096395,87.70005749783354,100.38159543515683,1,Strong Uptrend regime
TLT,TLT_2024-09-17T11:00:00_2024-11-06T11:00:00,2024-09-17T11:00:00,2024-11-06T11:00:00,576,down,-0.1183356285658076,,-0.016302265101851145,-0.00016036066399617495,2484636.748263889,18220313,42.80225373480684,0.002735248351758585,-206522147,92.78496167301955,101.66,89.63,-12.030000000000001,93.70078740157393,29.65377578029245,92.53508311402675,92.82755861562008,853441468,646919321,101.27637967115648,91.51564471691604,101.81119456484318,93.69357537867647,101.096395,91.89074999999998,100.38159543515683,90.0879246213235,0,Deep Downtrend regime
TLT,TLT_2024-09-17T12:00:00_2024-11-06T12:00:00,2024-09-17T12:00:00,2024-11-06T12:00:00,1151,down,-0.11999999999999988,,-0.008154241626688813,-0.0000801399668470645,1243923.3075586446,13016199,45.021381736462004,0.0018489897272483786,-97496682,93.95674231400065,101.75,89.54,-12.209999999999994,79.61432506887104,10.194174757281615,93.49353251516928,93.8914360719124,169550892,72054210,101.45888727275921,90.81808175049326,101.65278217562312,94.31167608834075,101.39959500000002,91.68152500000001,101.14640782437692,89.05137391165927,0,Deep Downtrend regime
UNH,UNH_2023-03-10T05:00:00_2023-04-13T04:00:00,2023-03-10T05:00:00,2023-04-13T04:00:00,24,up,0.1431581691395305,,2.616360869565218,0.005683663609943341,3398610.0833333335,5283091,52.08554840609907,0.019580841615960003,37925387,504.89353753019503,460.33,526.23,65.90000000000003,15.07120966288079,81.70457104255797,508.14897216121904,503.9941548454172,-24195838,13729549,475.93079771334334,501.627265582925,503.58270756754524,529.3570761225639,482.8785,488.8385,462.1742924324547,448.31992387743617,2,Moderate/Sideways regime
UNH,UNH_2023-04-13T04:00:00_2023-07-13T04:00:00,2023-04-13T04:00:00,2023-07-13T04:00:00,63,down,-0.1491363092184026,,-0.5430438748079878,-0.001031951570241126,3568595.9206349207,14672359,46.208727843805455,0.01759864782653102,-52617646,500.8505685228913,526.23,447.75,-78.48000000000002,81.70457104255797,22.895739521995168,503.9941548454172,495.15581785480197,13729549,-38888097,501.627265582925,466.02201642448284,529.3570761225639,488.7225964202625,488.8385,469.2505,448.31992387743617,449.77840357973747,2,Moderate/Sideways regime
UNH,UNH_2023-07-13T04:00:00_2023-11-30T05:00:00,2023-07-13T04:00:00,2023-11-30T05:00:00,99,up,0.2349972082635401,,0.5789722943722944,0.0012930704508593955,2936422.4646464647,11379660,56.66960506775549,0.015689125551527544,37921873,496.2622495038507,447.75,552.97,105.22000000000003,22.895739521995168,62.479899946399826,495.15581785480197,500.0894784340278,-38888097,-966224,466.02201642448284,540.9430639623602,488.7225964202625,549.2405766536746,469.2505,539.5215000000001,449.77840357973747,529.8024233463256,2,Moderate/Sideways regime
UNH,UNH_2023-11-30T05:00:00_2024-04-12T04:00:00,2023-11-30T05:00:00,2024-04-12T04:00:00,92,down,-0.20574353039043713,,-0.9088729713484269,-0.0016436207594416096,4057641.902173913,14671004,43.36184345745834,0.01676978787494857,-63649199,502.7716863165752,552.97,439.2,-113.77000000000004,62.479899946399826,18.360492598581956,500.0894784340278,500.76727142286376,-966224,-64615423,540.9430639623602,461.80510574668597,549.2405766536746,513.4566390355145,539.5215000000001,473.928,529.8024233463256,434.3993609644855,2,Moderate/Sideways regime
UNH,UNH_2024-04-12T04:00:00_2024-11-08T05:00:00,2024-04-12T04:00:00,2024-11-08T05:00:00,147,up,0.40211748633879774,,0.8629287716567561,0.001964774070256731,3735259.707482993,22718615,56.24627560223873,0.019097671568640773,110119241,503.43340021296035,439.2,615.81,176.60999999999996,18.360492598581956,74.2401049639186,500.76727142286376,511.5111082434214,-64615423,45503818,461.80510574668597,581.0319819860784,513.4566390355145,607.2808289817443,473.928,573.2575,434.3993609644855,539.2341710182558,2,Moderate/Sideways regime
UNH,UNH_2024-10-14T21:00:00_2024-10-15T13:30:00,2024-10-14T21:00:00,2024-10-15T13:30:00,13,down,-0.10111287418327675,,-4.901884615384614,-0.008064425808060854,264749.92307692306,2965517,29.870867610743673,0.011670309848981401,-3408748,530.7763148873424,607.8405,546.38,-61.460500000000025,75.56983753143531,7.020725011287382,530.7606875046794,530.8929999569983,-5820734,-9229482,605.7213639010643,580.8501458132497,610.4928898772207,630.6392445661401,604.4017749999999,593.3335249999998,598.3106601227792,556.0278054338595,2,Moderate/Sideways regime
UNH,UNH_2024-10-15T13:30:00_2024-11-08T19:00:00,2024-10-15T13:30:00,2024-11-08T19:00:00,359,up,0.13281964932830648,,0.08269640253549332,0.00015135327525804993,188469.01949860723,2965517,52.86822028377586,0.004297596642416297,4342443,533.4064989575138,546.38,618.95,72.57000000000005,7.020725011287382,87.24464374688613,530.8929999569983,536.2152593924459,-9229482,-4887039,580.8501458132497,613.967975987284,630.6392445661401,622.5301798151434,593.3335249999998,610.8592500000001,556.0278054338595,599.1883201848568,2,Moderate/Sideways regime
UNH,UNH_2023-12-01T00:00:00_2024-01-25T17:00:00,2023-12-01T00:00:00,2024-01-25T17:00:00,386,down,-0.1357701174266983,,-0.08755234466782356,-0.00015768378479184418,326408.52590673574,2959843,49.28262428650094,0.00502372415820787,-2326581,529.539347963302,555.24,479.855,-75.38499999999999,78.99971173248761,9.912536443148639,527.4340483001703,526.7440926555184,118192,-2208389,548.3384025105327,497.34535576944376,559.002701729214,532.833737421861,543.8542,506.2375,528.705698270786,479.641262578139,2,Moderate/Sideways regime
UNH,UNH_2024-01-25T17:00:00_2024-02-26T14:00:00,2024-01-25T17:00:00,2024-02-26T14:00:00,213,up,0.10670931843994524,,0.13043681257000656,0.0002718254734659565,346271.220657277,2046778,54.75108656094,0.004257759132417337,25302001,523.8927889094361,479.855,531.06,51.20499999999993,9.912536443148639,67.70119863013701,526.7440926555184,523.2742402016885,-2208389,23093612,497.34535576944376,526.4937197660913,532.833737421861,530.7589821792754,506.2375,525.32066,479.641262578139,519.8823378207245,2,Moderate/Sideways regime
UNH,UNH_2024-02-26T14:00:00_2024-04-12T18:00:00,2024-02-26T14:00:00,2024-04-12T18:00:00,381,down,-0.17744699280683907,,-0.12472264720113346,-0.00023485603736137815,400631.18897637795,2193232,44.3575475696102,0.004744692177507961,-10757596,516.6775130292524,531.06,436.825,-94.23499999999996,67.70119863013701,24.45990479677782,523.2742402016885,508.9644568759724,23093612,12336016,526.4937197660913,441.38434461651906,530.7589821792754,450.2202349067455,525.32066,443.070985,519.8823378207245,435.92173509325454,2,Moderate/Sideways regime
UNH,UNH_2024-04-12T18:00:00_2024-10-14T21:00:00,2024-04-12T18:00:00,2024-10-14T21:00:00,1321,up,0.3914965947461799,,0.10414662145336735,0.00023841726424395893,340398.8834216503,14845736,52.39220308103689,0.0053243947288118786,2303090,508.71078013599606,436.825,607.8405,171.01550000000003,24.45990479677782,78.16606173152097,508.9644568759724,519.1787470033154,12336016,14639106,441.38434461651906,604.1577765226987,450.2202349067455,609.4639650995751,443.070985,602.216175,435.92173509325454,594.9683849004249,2,Moderate/Sideways regime
UNH,UNH_2024-10-14T21:00:00_2024-10-15T13:00:00,2024-10-14T21:00:00,2024-10-15T13:00:00,8,down,-0.10111287418327675,,-8.010398809523808,-0.013178455218965844,430218.625,3306138,44.441894925692964,0.015439913746206927,-3395552,519.1935185667171,607.8405,546.38,-61.460500000000025,78.16606173152097,9.38619215469781,519.1787470033154,519.2827779068555,14639106,11243554,604.1577765226987,589.3709335780773,609.4639650995751,627.3702646443479,602.216175,597.8461749999999,594.9683849004249,568.3220853556519,2,Moderate/Sideways regime
UNH,UNH_2024-10-15T13:00:00_2024-11-08T18:00:00,2024-10-15T13:00:00,2024-11-08T18:00:00,200,up,0.13033053918518256,,0.14080318300457517,0.00025770193455941867,339131.85,3306138,51.27758487478346,0.006182323654686,1074963,520.9570783117305,546.38,617.59,71.21000000000004,9.38619215469781,84.17633410672829,519.2827779068555,522.7383043859429,11243554,12318517,589.3709335780773,609.1620256459794,627.3702646443479,619.1435496010544,597.8461749999999,604.99375,568.3220853556519,590.8439503989456,2,Moderate/Sideways regime
USO,USO_2022-12-08T05:00:00_2023-01-20T05:00:00,2022-12-08T05:00:00,2023-01-20T05:00:00,29,up,0.14096635305373928,,0.1805172413793103,0.002878603753457348,3722473.4827586208,8334647,50.223546314906635,0.02422040045864712,44848902,68.71063103316975,62.71,71.55,8.839999999999996,27.443837279902894,58.70818915801615,69.63900581558185,68.55339128497062,-32314972,12533930,67.53520115493207,68.8435516412595,75.02673303632726,72.36087831786496,69.071,68.21899999999998,63.11526696367273,64.077121682135,1,Strong Uptrend regime
USO,USO_2023-01-20T05:00:00_2023-03-17T04:00:00,2023-01-20T05:00:00,2023-03-17T04:00:00,40,down,-0.18015373864430473,,-0.16409287054409014,-0.002293401405228374,3467394.6,13746538,48.280456077192696,0.026861664341231828,-42154260,68.41094887519326,71.55,58.66,-12.89,58.70818915801615,28.83435582822085,68.55339128497062,67.49976498308014,12533930,-29620330,68.8435516412595,64.23540821025269,72.36087831786496,72.05564322539945,68.21899999999998,65.8765,64.077121682135,59.697356774600536,0,Deep Downtrend regime
USO,USO_2023-03-17T04:00:00_2023-04-12T04:00:00,2023-03-17T04:00:00,2023-04-12T04:00:00,18,up,0.2347425843845894,,0.8206295149638805,0.013989592822432331,4350122.111111111,9066526,54.945098456417924,0.02217358700175107,35944428,67.19472705323444,58.66,72.43,13.77000000000001,28.83435582822085,88.69814020028618,67.49976498308014,67.27614501944265,-29620330,6324098,64.23540821025269,68.23867079610397,72.05564322539945,74.09659714209357,65.8765,65.111,59.697356774600536,56.12540285790644,1,Strong Uptrend regime
USO,USO_2023-04-12T04:00:00_2023-06-12T04:00:00,2023-04-12T04:00:00,2023-06-12T04:00:00,43,down,-0.16830042799944778,,-0.18588794926004235,-0.002566449665332629,3997805.930232558,12166711,48.82457420459918,0.021178209503327394,-34089179,66.98934145622962,72.43,60.24,-12.190000000000005,88.69814020028618,39.496279336004584,67.27614501944265,66.44610565406745,6324098,-27765081,68.23867079610397,63.18866444873996,74.09659714209357,66.16939830632676,65.111,63.50949999999999,56.12540285790644,60.84960169367322,0,Deep Downtrend regime
USO,USO_2023-06-12T04:00:00_2023-09-27T04:00:00,2023-06-12T04:00:00,2023-09-27T04:00:00,75,up,0.3761620185922976,,0.2732611664295874,0.004536207942058224,2928990.56,6660528,64.5145541507321,0.017539296188558883,73426934,66.69142407875569,60.24,82.9,22.660000000000004,39.496279336004584,80.21978021978029,66.44610565406745,67.9379661033374,-27765081,45661853,63.18866444873996,80.11656046480158,66.16939830632676,83.79220969689806,63.50949999999999,79.33150000000003,60.84960169367322,74.87079030310201,1,Strong Uptrend regime
USO,USO_2023-09-27T04:00:00_2023-10-05T04:00:00,2023-09-27T04:00:00,2023-10-05T04:00:00,7,down,-0.10747889022919188,,-1.4150000000000003,-0.017068757539203862,4238697.571428572,7853801,52.14772852568198,0.021680660317178156,-19614368,68.07950701113838,82.9,73.99,-8.91000000000001,80.21978021978029,25.337837837837824,67.9379661033374,68.22399902141929,45661853,26047485,80.11656046480158,78.84554797656395,83.79220969689806,83.9516890244959,79.33150000000003,79.90450000000001,74.87079030310201,75.85731097550412,0,Deep Downtrend regime
USO,USO_2023-10-05T04:00:00_2023-10-19T04:00:00,2023-10-05T04:00:00,2023-10-19T04:00:00,11,up,0.1039329639140425,,0.6623636363636373,0.008952069690007261,5212007.2727272725,6892099,38.869224798702696,0.020226574551591107,12360458,68.47585579160886,73.99,81.68,7.690000000000012,25.337837837837824,52.02369200394868,68.22399902141929,68.77495183211161,26047485,38407943,78.84554797656395,78.55270537386767,83.9516890244959,83.80369095623226,79.90450000000001,78.646,75.85731097550412,73.48830904376774,0,Deep Downtrend regime
USO,USO_2023-10-19T04:00:00_2023-12-12T05:00:00,2023-10-19T04:00:00,2023-12-12T05:00:00,38,down,-0.21339373163565134,,-0.3612112922639238,-0.004422273411654306,4912240.763157895,9702228,41.160692931440266,0.025483867962899358,-59748038,69.24743466259663,81.68,64.25,-17.430000000000007,52.02369200394868,26.31578947368419,68.77495183211161,69.27668468443065,38407943,-21340095,78.55270537386767,67.94005310504551,83.80369095623226,74.68280015989377,78.646,69.3355,73.48830904376774,63.98819984010622,0,Deep Downtrend regime
USO,USO_2023-12-12T05:00:00_2024-04-05T04:00:00,2023-12-12T05:00:00,2024-04-05T04:00:00,79,up,0.28249027237354096,,0.17121324245374883,0.0026647975479182698,4495452.82278481,13358717,58.00613629597315,0.018852343867794594,62699619,69.31098112053868,64.25,82.4,18.150000000000006,26.31578947368419,78.87725975261658,69.27668468443065,69.8303635032651,-21340095,41359524,67.94005310504551,79.15314230367088,74.68280015989377,82.89556129165413,69.3355,77.644,63.98819984010622,72.39243870834588,1,Strong Uptrend regime
USO,USO_2024-04-05T04:00:00_2024-06-04T04:00:00,2024-04-05T04:00:00,2024-06-04T04:00:00,42,down,-0.1372572815533981,,-0.20340572076817126,-0.0024685160287399423,3837623.785714286,10203249,44.93287907859198,0.01747502906602813,-38095874,70.4090798478944,82.4,71.09,-11.310000000000002,78.87725975261658,35.348506401137996,69.8303635032651,70.65530111187627,41359524,3263650,79.15314230367088,74.84667793423407,82.89556129165413,78.52563153340351,77.644,75.44649999999999,72.39243870834588,72.36736846659646,0,Deep Downtrend regime
USO,USO_2024-06-04T04:00:00_2024-07-01T04:00:00,2024-06-04T04:00:00,2024-07-01T04:00:00,19,up,0.14699676466450984,,0.5062280701754387,0.007120946267765349,1993757.7368421052,4022868,59.124409473089656,0.015593888116711729,16485732,70.71459600560756,71.09,81.54,10.450000000000003,35.348506401137996,78.5714285714286,70.65530111187627,70.79229488083438,3263650,19749382,74.84667793423407,78.49566829114659,78.52563153340351,82.7186213697894,75.44649999999999,76.639,72.36736846659646,70.55937863021059,1,Strong Uptrend regime
USO,USO_2024-07-01T04:00:00_2024-09-10T04:00:00,2024-07-01T04:00:00,2024-09-10T04:00:00,50,down,-0.17880794701986769,,-0.20501752701080436,-0.0025143184573314242,2933248.4,5001256,46.412001048722644,0.01990031802539194,-30594904,71.02903857804198,81.54,66.96,-14.580000000000013,78.5714285714286,33.758865248226925,70.79229488083438,71.17094088491392,19749382,-10845522,78.49566829114659,71.81620547611533,82.7186213697894,80.25977341921778,76.639,73.728,70.55937863021059,67.19622658078221,0,Deep Downtrend regime
USO,USO_2024-09-10T04:00:00_2024-10-07T04:00:00,2024-09-10T04:00:00,2024-10-07T04:00:00,20,up,0.18279569892473124,,0.35732330827067693,0.005336369597829704,4051885.6,13945029,49.80051686401133,0.02707876403984852,40718342,71.1710600212773,66.96,79.2,12.240000000000009,33.758865248226925,68.51485148514853,71.17094088491392,71.2248744575017,-10845522,29872820,71.81620547611533,73.44902207976024,80.25977341921778,77.43000177367833,73.728,71.79199999999999,67.19622658078221,66.15399822632165,1,Strong Uptrend regime
USO,USO_2024-10-07T04:00:00_2024-10-29T04:00:00,2024-10-07T04:00:00,2024-10-29T04:00:00,17,down,-0.12045454545454548,,-0.409656862745098,-0.005172435135670429,4158475.882352941,8048022,51.63212539218894,0.020015113981079996,-31391967,71.29320692053801,79.2,69.66,-9.540000000000006,68.51485148514853,34.98119290703923,71.2248744575017,71.31337653093433,29872820,-1519147,73.44902207976024,72.74121348989262,77.43000177367833,79.03414926363382,71.79199999999999,74.13000000000001,66.15399822632165,69.2258507363662,0,Deep Downtrend regime
USO,USO_2024-09-10T15:30:00_2024-10-07T22:30:00,2024-09-10T15:30:00,2024-10-07T22:30:00,1116,up,0.20402480947490842,,0.0059846581343960155,0.00009051220788894139,70007.1953405018,2665822,53.921985749495256,0.0031930644662896525,7313831,73.18365318319913,66.1199,79.61,13.490099999999998,26.72531113784727,67.19132029339858,74.16756497769474,73.17152420516832,-2537605,4776226,67.55344417586814,79.25401119814104,70.0612561766243,79.56604002988377,68.11424499999998,79.20463999999998,66.16723382337567,78.8432399701162,1,Strong Uptrend regime
USO,USO_2024-10-07T22:30:00_2024-10-29T15:15:00,2024-10-07T22:30:00,2024-10-29T15:15:00,926,down,-0.1306368546664992,,-0.005775473211473968,-0.00007254708216899847,68896.00755939525,1816502,49.560058700101315,0.0031363418717109547,2815886,73.46174582558265,79.61,69.21,-10.400000000000006,67.19132029339858,16.964285714285978,73.17152420516832,73.3353754465009,4776226,7592112,79.25401119814104,70.00400737755437,79.56604002988377,71.24635389239357,79.20463999999998,70.31325000000001,78.8432399701162,69.38014610760645,0,Deep Downtrend regime
USO,USO_2023-12-13T09:00:00_2024-04-05T17:00:00,2023-12-13T09:00:00,2024-04-05T17:00:00,1199,up,0.3025078369905956,,0.010698176749962741,0.00016768302115929062,286397.47539616347,4684706,53.724584400210226,0.005282348063957545,26786293,72.43273486971945,63.8,83.1,19.299999999999997,13.1944444444443,63.548387096773986,74.15490916556399,72.71495007947954,-1647579,25138714,64.57837493628321,82.49510529791823,67.43970167816096,83.54340912207437,65.11874499999999,82.2175,62.797788321839015,80.89159087792564,1,Strong Uptrend regime
USO,USO_2024-04-05T17:00:00_2024-06-04T13:00:00,2024-04-05T17:00:00,2024-06-04T13:00:00,621,down,-0.15222623345367015,,-0.012667501501989045,-0.00015243684117917023,251191.1578099839,2974331,46.578520514222696,0.004595366282121216,2049066,73.56892150985287,83.1,70.45,-12.649999999999991,63.548387096773986,14.961306964746342,72.71495007947954,73.82776585965007,25138714,27187780,82.49510529791823,71.42138196544349,83.54340912207437,74.45870870835586,82.2175,71.95984000000001,80.89159087792564,69.46097129164417,0,Deep Downtrend regime
USO,USO_2024-06-04T13:00:00_2024-07-02T12:00:00,2024-06-04T13:00:00,2024-07-02T12:00:00,282,up,0.1687721788502483,,0.03497354401148764,0.0004964307169835009,132268.48581560285,1069108,60.47404606902536,0.003948406168109705,3936685,73.86116633871052,70.45,82.34,11.89,14.961306964746342,90.37656903765728,73.82776585965007,73.95203702503925,27187780,31124465,71.42138196544349,81.5983883899656,74.45870870835586,82.71489541512163,71.95984000000001,81.20597,69.46097129164417,79.69704458487836,1,Strong Uptrend regime
USO,USO_2024-07-02T12:00:00_2024-08-05T11:00:00,2024-07-02T12:00:00,2024-08-05T11:00:00,332,down,-0.13529268885110513,,-0.02274489136426492,-0.0002762313743534724,167260.0090361446,1536757,44.66568219274025,0.004962896220736475,-3141389,74.1123604117021,82.34,71.2,-11.14,90.37656903765728,30.738108640585523,73.95203702503925,74.20422226796826,31124465,27983076,81.5983883899656,72.84023798151723,82.71489541512163,76.32417291685475,81.20597,73.455795,79.69704458487836,70.58741708314524,0,Deep Downtrend regime
USO,USO_2024-08-05T11:00:00_2024-08-12T18:00:00,2024-08-05T11:00:00,2024-08-12T18:00:00,88,up,0.10870786516853914,,0.0651277094854003,0.0009147150208623637,237128.51136363635,1905209,61.814872952420814,0.006189703480421394,10392520,74.19824566107668,71.2,78.94,7.739999999999995,30.738108640585523,97.55967224795202,74.20422226796826,74.21728322476007,27983076,38375596,72.84023798151723,77.51129888181225,76.32417291685475,78.70142456970854,73.455795,76.96118000000001,70.58741708314524,75.22093543029149,1,Strong Uptrend regime
USO,USO_2024-08-12T18:00:00_2024-09-10T15:00:00,2024-08-12T18:00:00,2024-09-10T15:00:00,310,down,-0.16024955662528495,,-0.02625198753704598,-0.00033255621404922704,210098.97096774195,1960513,46.54321832013812,0.005874144613853039,-10448892,74.25403526889686,78.94,66.2899,-12.650099999999995,97.55967224795202,20.884719946708117,74.21728322476007,74.18943301240756,38375596,27926704,77.51129888181225,68.35935988798383,78.70142456970854,70.4711844381435,76.96118000000001,68.814445,75.22093543029149,67.15770556185652,0,Deep Downtrend regime
USO,USO_2024-09-10T15:00:00_2024-10-07T22:00:00,2024-09-10T15:00:00,2024-10-07T22:00:00,310,up,0.20078624345488505,,0.020651544062927043,0.00031153379418172365,253066.64838709676,4013469,55.00787341991474,0.006948332590291154,22946425,74.08130146510959,66.2899,79.6,13.310099999999991,20.884719946708117,68.45133850387779,74.18943301240756,74.04319156600025,27926704,50873129,68.35935988798383,78.57900472362621,70.4711844381435,80.25261051119845,68.814445,77.966145,67.15770556185652,75.67967948880154,1,Strong Uptrend regime
USO,USO_2024-10-07T22:00:00_2024-10-29T15:00:00,2024-10-07T22:00:00,2024-10-29T15:00:00,250,down,-0.12587939698492456,,-0.02127685080401287,-0.00026729712065342806,256309.856,2344816,48.16945570794329,0.007099147708492651,7069752,74.06687460596824,79.6,69.58,-10.019999999999996,68.45133850387779,35.95505617977531,74.04319156600025,74.02500549505687,50873129,57942881,78.57900472362621,70.35061890246293,80.25261051119845,70.88135345784382,77.966145,70.28011,75.67967948880154,69.67886654215617,0,Deep Downtrend regime
USO,USO_2024-06-04T10:00:00_2024-07-05T15:00:00,2024-06-04T10:00:00,2024-07-05T15:00:00,582,up,0.17199715707178398,,0.018157009384336818,0.0002580953714902178,68520.44158075601,643001,56.265363751653844,0.0027464334670373454,1152783,77.0798803217984,70.35,82.45,12.100000000000009,23.77686496002353,72.24334600760476,77.40103363561913,77.24972887534247,-8684871,-7532088,71.2502390872741,81.95321799174677,72.69325208329555,82.66125619926373,71.53355,81.693245,70.37384791670446,80.72523380073628,1,Strong Uptrend regime
USO,USO_2024-07-05T15:00:00_2024-08-05T11:30:00,2024-07-05T15:00:00,2024-08-05T11:30:00,568,down,-0.13644633110976345,,-0.012648473261622705,-0.0001534078018389655,93685.07218309859,1078707,46.04944810332639,0.0034005880211731582,-2299964,77.49648448626682,82.45,71.2,-11.25,72.24334600760476,22.420506164828026,77.24972887534247,77.36313020418724,-7532088,-9832052,81.95321799174677,72.20326146483349,82.66125619926373,74.69305783232217,81.693245,72.73262000000001,80.72523380073628,70.77218216767785,0,Deep Downtrend regime
USO,USO_2024-08-05T11:30:00_2024-08-12T18:00:00,2024-08-05T11:30:00,2024-08-12T18:00:00,167,up,0.11053370786516847,,0.0337621649128593,0.00047418770945027104,123746.63473053892,1337500,60.15687449076404,0.004073502523708088,8930049,77.19059320709682,71.2,79.07,7.86999999999999,22.420506164828026,92.85714285714329,77.36313020418724,77.12994307429035,-9832052,-902003,72.20326146483349,77.87774590328809,74.69305783232217,78.78405006761272,72.73262000000001,77.46772999999999,70.77218216767785,76.15140993238725,1,Strong Uptrend regime
USO,USO_2024-08-12T18:00:00_2024-09-10T15:30:00,2024-08-12T18:00:00,2024-09-10T15:30:00,575,down,-0.1616302010876437,,-0.01427426969398577,-0.0001805269975210038,113270.7495652174,1254877,47.41755120565118,0.004018261712510629,-8465016,76.94740807375838,79.07,66.2899,-12.78009999999999,92.85714285714329,24.84287080139805,77.12994307429035,76.42121641468991,-902003,-9367019,77.87774590328809,67.95428982811767,78.78405006761272,70.56163317916256,77.46772999999999,68.56524499999999,76.15140993238725,66.56885682083742,0,Deep Downtrend regime
USO,USO_2024-09-10T15:30:00_2024-10-07T22:30:00,2024-09-10T15:30:00,2024-10-07T22:30:00,597,up,0.20078624345488505,,0.010889013353675522,0.00016426353567701145,130871.42881072027,3956351,54.8908685902726,0.004655419426842308,18389106,75.89751288895825,66.2899,79.6,13.310099999999991,24.84287080139805,68.01338136901626,76.42121641468991,75.56824842276467,-9367019,9022087,67.95428982811767,79.05207743637278,70.56163317916256,80.10266625490226,68.56524499999999,78.79985500000001,66.56885682083742,77.49704374509776,1,Strong Uptrend regime
USO,USO_2024-10-07T22:30:00_2024-10-29T15:00:00,2024-10-07T22:30:00,2024-10-29T15:00:00,488,down,-0.1305276381909548,,-0.010860013240770133,-0.00013643232714535345,130732.99795081967,2076721,49.6405746277731,0.004673034822012736,2961535,75.50483670688372,79.6,69.21,-10.39,68.01338136901626,35.714285714285865,75.56824842276467,75.3036408738605,9022087,11983622,79.05207743637278,70.16797090259448,80.10266625490226,71.0617324625161,78.79985500000001,70.33466999999999,77.49704374509776,69.60760753748387,0,Deep Downtrend regime
YCL,YCL_2023-01-13T05:00:00_2023-11-13T05:00:00,2023-01-13T05:00:00,2023-11-13T05:00:00,210,down,-0.33537945196405317,,-0.05434673219023432,-0.0014999981284151318,26599.014285714286,153379,40.796219973563446,0.008643920799102795,-1183360,31.677469920275716,36.2312,24.08,-12.151200000000003,64.3830294239536,38.16137793516002,31.879714605869616,29.394634488515425,676789,-506571,34.23330746309753,24.46101603790987,35.99694228588144,25.138941763639465,33.790440000000004,24.585879999999996,31.58393771411857,24.032818236360526,0,Deep Downtrend regime
YCL,YCL_2023-11-13T05:00:00_2023-12-29T05:00:00,2023-11-13T05:00:00,2023-12-29T05:00:00,33,up,0.14161129568106312,,0.10526029411764705,0.004371274672659762,83444.21212121213,314945,60.61285536586204,0.012029897355918475,712761,28.850528383752867,24.08,27.49,3.41,38.16137793516002,65.7004830917874,29.394634488515425,28.518905008136354,-506571,206190,24.46101603790987,26.845719012950106,25.138941763639465,27.968929173708123,24.585879999999996,26.550000000000004,24.032818236360526,25.131070826291886,1,Strong Uptrend regime
YCL,YCL_2023-12-29T05:00:00_2024-07-10T04:00:00,2023-12-29T05:00:00,2024-07-10T04:00:00,132,down,-0.2699163332120771,,-0.04348581237966533,-0.0015818774965320238,67014.20454545454,257119,34.4158671481083,0.007236583853302297,-2427356,27.28834456575999,27.49,20.07,-7.419999999999998,65.7004830917874,17.348447511089105,28.518905008136354,25.93584467541554,206190,-2221166,26.845719012950106,20.409667689454878,27.968929173708123,21.567265520163236,26.550000000000004,20.628930000000004,25.131070826291886,19.690594479836772,0,Deep Downtrend regime
YCL,YCL_2024-07-10T04:00:00_2024-09-13T04:00:00,2024-07-10T04:00:00,2024-09-13T04:00:00,47,up,0.2949676133532635,,0.1090852451433857,0.005435238920945974,122303.74468085106,563407,65.3507757034147,0.013908567578764299,1173032,25.55388767623942,20.07,25.99,5.919999999999998,17.348447511089105,66.38297872340422,25.93584467541554,25.422658880032735,-2221166,-1048134,20.409667689454878,25.079924673752434,21.567265520163236,25.94434590963545,20.628930000000004,24.801525,19.690594479836772,23.65870409036455,1,Strong Uptrend regime
YCL,YCL_2024-09-13T04:00:00_2024-11-06T05:00:00,2024-09-13T04:00:00,2024-11-06T05:00:00,39,down,-0.183532127741439,,-0.11603238866396762,-0.004464501295266165,110540.05128205128,195533,36.5904209324486,0.01098875881209605,-1184715,25.325529564064652,25.99,21.22,-4.77,66.38297872340422,31.93717277486907,25.422658880032735,25.120059634801702,-1048134,-2232849,25.079924673752434,22.05349414534631,25.94434590963545,23.273425981779923,24.801525,22.244999999999997,23.65870409036455,21.216574018220072,0,Deep Downtrend regime
YCL,YCL_2024-07-10T13:00:00_2024-08-05T10:00:00,2024-07-10T13:00:00,2024-08-05T10:00:00,210,up,0.28385807096451776,,0.016117569365032575,0.0008054757303864355,10438.380952380952,117645,59.19708009174038,0.003917697114991215,607435,23.628437776499126,20.01,25.69,5.68,22.497249724972804,84.57629708871389,23.81324885087849,23.55260835837,-581511,25924,20.14166623749756,24.487824820515396,20.385481863921505,25.511373913816243,20.20028,24.091495,20.015078136078493,22.671616086183754,1,Strong Uptrend regime
YCL,YCL_2024-08-05T10:00:00_2024-08-15T23:00:00,2024-08-05T10:00:00,2024-08-15T23:00:00,109,down,-0.10471000389256524,,-0.014571100917431181,-0.0005671896036368696,14127.97247706422,182750,46.135076570594876,0.005097343008111071,68763,23.631848405607087,25.69,23,-2.6900000000000013,84.57629708871389,13.09419887310527,23.55260835837,23.640931455053497,25924,94687,24.487824820515396,23.378505950091636,25.511373913816243,24.270882370253638,24.091495,23.577390000000005,22.671616086183754,22.88389762974637,0,Deep Downtrend regime
YCL,YCL_2024-08-15T23:00:00_2024-09-16T08:00:00,2024-08-15T23:00:00,2024-09-16T08:00:00,235,up,0.1430434782608696,,0.007545242309079305,0.00032805401343823066,7867.893617021276,63792,54.98971204557021,0.0036306485530328116,254654,23.682898418096496,23,26.29,3.289999999999999,13.09419887310527,72.55520504731875,23.640931455053497,23.767521855710473,94687,349341,23.378505950091636,25.91220756693736,24.270882370253638,26.33423841237677,23.577390000000005,25.775755000000004,22.88389762974637,25.217271587623237,1,Strong Uptrend regime
YCL,YCL_2024-09-16T08:00:00_2024-11-06T21:00:00,2024-09-16T08:00:00,2024-11-06T21:00:00,437,down,-0.19284899201217198,,-0.010362041712189289,-0.00039414384603230466,9317.855835240274,79655,42.787736667236516,0.0030529532868855697,-293376,23.81009534050073,26.29,21.22,-5.07,72.55520504731875,11.348684210526415,23.767521855710473,23.68808408270245,349341,55965,25.91220756693736,21.405339208232967,26.33423841237677,22.363482952099904,25.775755000000004,21.588495,25.217271587623237,20.8135070479001,0,Deep Downtrend regime
YCL,YCL_2024-07-11T12:00:00_2024-08-05T10:30:00,2024-07-11T12:00:00,2024-08-05T10:30:00,333,up,0.3080448065173116,,0.009956487415920357,0.0005069494610957412,6370.861861861862,77401,57.341526074854066,0.002587249994548917,357510,21.428388893731448,19.64,25.69,6.050000000000001,18.218623481781194,86.38635566467903,21.43828582691899,21.6630914837239,-429626,-72116,19.999712794959716,24.903909873472095,20.234654375914925,25.894591697406334,20.036764999999995,24.497555,19.838875624085066,23.100518302593663,1,Strong Uptrend regime
YCL,YCL_2024-08-05T10:30:00_2024-08-15T23:30:00,2024-08-05T10:30:00,2024-08-15T23:30:00,186,down,-0.10471000389256524,,-0.008645283627598617,-0.00033652330196958413,8277.908602150537,139526,47.26468059243432,0.0032848454844974957,-320110,22.094031429548938,25.69,23,-2.6900000000000013,86.38635566467903,28.389009234978815,21.6630914837239,22.2242317593568,-72116,-392226,24.903909873472095,23.29056152023067,25.894591697406334,23.715766368949737,24.497555,23.335255000000004,23.100518302593663,22.95474363105027,0,Deep Downtrend regime
YCL,YCL_2024-08-15T23:30:00_2024-09-16T12:00:00,2024-08-15T23:30:00,2024-09-16T12:00:00,398,up,0.14391304347826073,,0.004460696743313924,0.0001939433366658228,4649.261306532663,63792,55.09611198836698,0.002343764361725292,258089,22.43625206291365,23,26.31,3.3099999999999987,28.389009234978815,69.89247311827944,22.2242317593568,22.738416754125634,-392226,-134137,23.29056152023067,26.049873899910324,23.715766368949737,26.27422257058926,23.335255000000004,25.996250000000003,22.95474363105027,25.718277429410747,1,Strong Uptrend regime
YCL,YCL_2024-09-16T12:00:00_2024-11-06T21:00:00,2024-09-16T12:00:00,2024-11-06T21:00:00,714,down,-0.193462561763588,,-0.00638109771756171,-0.00024253507098296126,5700.148459383753,55951,44.43034422774895,0.001976618306897009,-32353,22.988472532831665,26.31,21.22,-5.09,69.89247311827944,37.88172564226851,22.738416754125634,22.916764166892218,-134137,-166490,26.049873899910324,21.3121079538974,26.27422257058926,21.38426015747657,25.996250000000003,21.302105,25.718277429410747,21.21994984252343,0,Deep Downtrend regime