time,open,high,low,close,volume,ema,rsi,obv,vwap,bb_upper,bb_middle,bb_lower
2022-10-21T04:00:00,26.46,28.33,26.4,27.78,235012,,,,27.78,,,
2022-10-24T04:00:00,27.23,27.46,27.19,27.34,48610,,,-48610,27.70458836056441,,,
2022-10-25T04:00:00,27.635,27.83,27.54,27.7,39292,,,-9318,27.70403005134494,,,
2022-10-26T04:00:00,27.95,28.32,27.95,28.26,52254,,,42936,27.781466436369836,,,
2022-10-27T04:00:00,28.2813,28.5,28.28,28.33,32179,,,75115,27.824798685150498,,,
2022-10-28T04:00:00,27.75,27.87,27.7,27.81,36484,,,38631,27.823582196827168,,,
2022-10-31T04:00:00,27.32,27.42,27.28,27.33,37213,,,1418,27.785399256616852,,,
2022-11-01T04:00:00,27.88,27.88,27.495,27.56,12131,,,13549,27.77985493993004,,,
2022-11-02T04:00:00,27.98,28.36,27.6856,27.69,29305,,,42854,27.774815131679674,,,
2022-11-03T04:00:00,27.58,27.645,27.42,27.49,7477,,,35377,27.770796762756216,,,
2022-11-04T04:00:00,27.86,28.117,27.7893,28.08,10872,,,46249,27.77701251227282,,,
2022-11-07T05:00:00,28.25,28.25,28.08,28.1084,11186,,,57435,27.78372772913779,,,
2022-11-08T05:00:00,28.22,28.57,28.22,28.5,27144,,,84579,27.817297948231825,,,
2022-11-09T05:00:00,28.25,28.39,28.07,28.13,5895,,,78684,27.82044873191192,,,
2022-11-10T05:00:00,29.36,30.2,29.36,30.2,51187,28.176234285714287,68.78881987577635,129871,28.011888910648633,,,
2022-11-11T05:00:00,30.98,31.4,30.88,31.3,56542,28.59273638095238,77.88732394366195,186413,28.280250543676733,,,
2022-11-14T05:00:00,30.47,30.86,30.41,30.86,33827,28.895038196825396,72.00557103064064,152586,28.400349613134964,,,
2022-11-15T05:00:00,31.19,31.19,30.87,31.1,22277,29.189033103915342,70.69970845481046,174863,28.48065560278119,,,
2022-11-16T05:00:00,31,31.04,30.845,30.95,25187,29.423828690059963,68.87608069164261,149676,28.561003705588863,,,
2022-11-17T05:00:00,30.5472,30.66,30.39,30.61,24956,29.581984864718635,70.71005917159759,124720,28.62499974018497,31.57284064443506,28.756420000000002,25.939999355564943
2022-11-18T05:00:00,30.79,30.822,30.55,30.55,2201,29.711053549422818,75.39432176656148,122519,28.630287760208972,31.777315338325405,28.894920000000003,26.0125246616746
2022-11-21T05:00:00,30.105,30.105,29.72,29.75,14694,29.716246409499774,65.84659913169318,107825,28.65045266709562,31.828389784124955,29.01542,26.202450215875043
2022-11-22T05:00:00,30.122,30.172,30.06,30.14,14153,29.772746888233137,67.08507670850764,121978,28.67584975436043,31.92312154295108,29.137420000000002,26.351718457048925
2022-11-23T05:00:00,30.27,30.9496,30.27,30.9,3759,29.923047303135387,72.05692108667527,125737,28.685876391189165,32.12560654264738,29.269420000000004,26.41323345735262
2022-11-25T05:00:00,30.89,31.09,30.89,31.0795,3629,30.07724099605067,70.48978755379464,129366,28.696248704902647,32.33281024106561,29.406895000000002,26.480979758934396
2022-11-28T05:00:00,31.26,31.37,31.1,31.13,7035,30.217608863243914,70.57862046420396,136401,28.716522736977222,32.494291829925714,29.572895,26.651498170074287
2022-11-29T05:00:00,31.16,31.4095,31.1516,31.19,16800,30.347261014811394,69.18687589158344,153201,28.764768841438705,32.57702529899007,29.765895,26.95476470100993
2022-11-30T05:00:00,30.97,31.67,30.71,31.5476,9955,30.50730621283654,74.41980107465415,163156,28.796565562704874,32.68651442561106,29.965275000000002,27.244035574388946
2022-12-01T05:00:00,32.41,32.83,32.14,32.76,174726,30.807665384458332,70.84690553745926,337882,29.458637228843322,32.989121063490984,30.218775,27.448428936509014
2022-12-02T05:00:00,32.8299,33.29,32.7,33.29,15861,31.138643333197223,67.86355475763014,353743,29.51586720061252,33.29008032511265,30.508774999999996,27.727469674887345
2022-12-05T05:00:00,32.54,32.559,31.99,31.99,19784,31.252157555437595,58.7869362363919,333959,29.561121473391474,33.319957360589676,30.704274999999996,28.088592639410315
2022-12-06T05:00:00,32.175,32.2,31.93,31.9574,8995,31.34618988137925,56.88940314338058,324964,29.580884989391375,33.27579987303363,30.896724999999996,28.517650126966362
2022-12-07T05:00:00,32.14,32.25,32.02,32.18,11717,31.45736456386202,59.7693480747236,336681,29.608511545813037,33.24984326590898,31.080724999999994,28.91160673409101
2022-12-08T05:00:00,32.15,32.23,32.09,32.093,25631,31.542115955347086,62.27202012512003,311050,29.66496688023617,33.014272617694566,31.278874999999992,29.54347738230542
2022-12-09T05:00:00,32.28,32.3,32,32.0839,10766,31.614353827967474,62.80106153923188,300284,29.687836302092844,33.0680428305787,31.37306999999999,29.67809716942128
2022-12-12T05:00:00,31.88,31.9,31.5,31.53,11232,31.603106650905147,65.49119264777556,289052,29.705829135506377,33.08052443818517,31.384569999999997,29.68861556181482
2022-12-13T05:00:00,32.9,32.9,32.57,32.58,23559,31.733359097451128,69.04702429276213,312611,29.76352920665651,33.224837167908014,31.47057,29.716302832091987
2022-12-14T05:00:00,32.81,33,32.51,32.7478,15530,31.868617884457645,65.8936865645966,328141,29.80250608112142,33.38301456683674,31.552960000000002,29.722905433163266
2022-12-15T05:00:00,32.08,32.15,31.3401,31.6,19519,31.832802166529962,53.83775972158732,308622,29.831536347983075,33.39449430525792,31.58546,29.776425694742084
2022-12-16T05:00:00,31.72,32.055,31.72,31.98,4164,31.852428544325967,55.97682398604941,312786,29.83891319928426,33.41312572203986,31.653960000000005,29.894794277960152
2022-12-19T05:00:00,32,32.0618,31.81,31.81,24647,31.846771405082507,54.29315311322845,288139,29.878174462233716,33.402163903864455,31.71696,30.031756096135545
2022-12-20T05:00:00,34.05,34.9699,34.02,34.43,54981,32.19120188440484,65.1974017209381,343120,30.071822030025498,33.77283240980261,31.95095999999999,30.129087590197372
2022-12-21T05:00:00,34.17,34.34,34,34.02,47078,32.43504163315086,57.25739563173905,296042,30.210590089708724,33.980428647947974,32.14495999999999,30.309491352052007
2022-12-22T05:00:00,34.08,34.09,33.84,34.01,23765,32.64503608206408,54.41133222233114,272277,30.27682560021889,34.21302736289209,32.30046,30.38789263710791
2022-12-23T05:00:00,33.76,33.82,33.66,33.7877,7576,32.79739127112221,62.690065084496936,264701,30.29622933285769,34.3668796696806,32.435869999999994,30.50486033031939
2022-12-27T05:00:00,33.46,33.55,33.37,33.37,15779,32.873739101639245,59.45743284861144,248922,30.3312085746369,34.42192518179161,32.547869999999996,30.67381481820838
2022-12-28T05:00:00,33.3,33.3,32.9,32.96,52064,32.88524055475401,55.094310047546905,196858,30.426344500323214,34.41005595427714,32.63637000000001,30.86268404572287
2022-12-29T05:00:00,33.5,33.71,33.45,33.66,94981,32.98854181412014,59.47560651138038,291839,30.626614212143746,34.49522106851322,32.74199,30.988758931486785
2022-12-30T05:00:00,34.23,34.76,34.07,34.56,22351,33.19806957223746,63.51656749822591,314190,30.683116302647488,34.756148616018955,32.83199,30.907831383981037
2023-01-03T05:00:00,34.94,35.15,34.58,34.7,144575,33.3983269626058,68.12339919502381,458765,31.02462075714906,34.98538294482458,32.90249,30.81959705517542
2023-01-04T05:00:00,34.74,34.74,33.75,33.75,25645,33.44521670092503,56.76644767280467,433120,31.06511031774169,35.06041610003353,32.99049,30.920563899966474
2023-01-05T05:00:00,33.24,33.49,33.08,33.39,27266,33.43785447413503,53.63325714544345,405854,31.101262197966516,35.08264896301934,33.06212,31.041591036980662
2023-01-06T05:00:00,33.18,34.09,33.02,34.0359,35612,33.51759387758369,64.61089984284837,441466,31.15967741121035,35.175339708099756,33.154914999999995,31.134490291900235
2023-01-09T05:00:00,34.0704,34.31,34.059,34.1871,15381,33.60686136057254,63.61214244304374,456847,31.185483068939348,35.26606260680439,33.25962,31.253177393195607
2023-01-10T05:00:00,34.06,34.1801,33.9,33.96,22232,33.6539465124962,63.16724235075085,434615,31.21925105062591,35.305925281049916,33.353425,31.400924718950087
2023-01-11T05:00:00,33.73,33.89,33.7,33.7969,37690,33.673006977496705,44.453594519299855,396925,31.271360853760765,35.2374272961474,33.466770000000004,31.69611270385261
2023-01-12T05:00:00,35.01,35.6699,34.71,35.57,126485,33.92593938049715,60.96119031455077,523410,31.544467274950165,35.558760499436225,33.61627,31.67377950056377
2023-01-13T05:00:00,36.14,36.48,36.12,36.2312,153379,34.23330746309753,64.3830294239536,676789,31.879714605869616,35.99694228588144,33.790440000000004,31.58393771411857
2023-01-17T05:00:00,36.02,36.14,35.83,36.059,90145,34.47673313468453,64.80349344978163,586644,32.04832649406634,36.19042765323432,34.01339,31.83635234676568
2023-01-18T05:00:00,36.28,36.32,35.628,35.6588,57897,34.63434205005993,64.9516592631304,528747,32.139518053422165,36.27547751266602,34.197329999999994,32.119182487333966
2023-01-19T05:00:00,35.9,36,35.7603,35.9151,16307,34.80510977671861,69.69987867151978,545054,32.16618748722155,36.30007188351198,34.402585,32.50509811648802
2023-01-20T05:00:00,34.84,35.3297,34.825,35.2754,36839,34.867815139822795,60.8561827956989,508215,32.215023313614,36.38018968679193,34.444855000000004,32.50952031320808
2023-01-23T05:00:00,34.5791,34.77,34.53,34.66,43039,34.84010645451309,50.69877295469152,465176,32.259080830152044,36.40417995181794,34.476855,32.54953004818206
2023-01-24T05:00:00,34.83,35.015,34.42,34.9275,25211,34.85175892724468,51.56187782339452,490387,32.28695276585606,36.447097135553925,34.52273,32.59836286444608
2023-01-25T05:00:00,35.1301,35.3601,35.085,35.2245,27384,34.90145773694539,61.12007722590081,517771,32.31990654657075,36.51107393592082,34.59457,32.678066064079175
2023-01-26T05:00:00,34.93,34.9648,34.66,34.85,39533,34.89459670535267,60.98669556318101,478238,32.36022860989879,36.50275044270459,34.66857,32.83438955729542
2023-01-27T05:00:00,34.99,35.1,34.99,35.0259,22266,34.91210381130565,58.01697330914744,500504,32.38394312998631,36.43416254409372,34.771865,33.10956745590628
2023-01-30T05:00:00,34.82,34.84,34.68,34.7036,5305,34.88430330313156,54.06981325348673,495199,32.38884944140169,36.407088076451174,34.824045,33.24100192354882
2023-01-31T05:00:00,35,35.06,34.8,34.8521,5199,34.880009529380686,57.11755413362267,500398,32.39394480395105,36.41706237387446,34.83865,33.260237626125544
2023-02-01T05:00:00,35.2,35.65,35.09,35.59,26889,34.97467492546326,63.10419924872473,527287,32.42777573895547,36.49328205110637,34.88315,33.27301794889363
2023-02-02T05:00:00,35.86,35.86,35.5701,35.5922,12075,35.05701160206816,50.218900370750156,539362,32.44274662146066,36.52520606667458,34.97526,33.42531393332542
2023-02-03T05:00:00,34.74,34.8301,34.25,34.25,28719,34.94941005512574,32.777565283911116,510643,32.46285580625601,36.431599085145535,35.018260000000005,33.604920914854475
2023-02-06T05:00:00,33.59,33.61,33.39,33.49,21775,34.75482204777564,29.738469304057062,488868,32.471448851779414,36.497171092505276,34.990965,33.48475890749473
2023-02-07T05:00:00,33.8,34.5,33.795,34.3041,9749,34.69472577473889,39.970385725919876,498617,32.47828755515186,36.491350654007626,34.996815,33.50227934599237
2023-02-08T05:00:00,34.1,34.23,34.08,34.08,5231,34.61276233810704,36.3486230342344,493386,32.4814881777377,36.48153258666082,35.002815,33.52409741333918
2023-02-09T05:00:00,34.5701,34.5701,33.9916,33.9916,7110,34.5299406930261,39.59643435980549,486276,32.48557857929825,36.46165026499204,35.01255,33.56344973500796
2023-02-10T05:00:00,34.38,34.38,34.03,34.1145,23351,34.47454860062262,45.19594892118011,509627,32.49994162271627,36.41553088614784,34.939775,33.46401911385215
2023-02-13T05:00:00,33.53,33.62,33.34,33.62,26285,34.36060878720627,38.92793631975606,483342,32.510949414141365,36.26677367295282,34.809214999999995,33.351656327047166
2023-02-14T05:00:00,33.25,33.46,33.17,33.26,37632,34.2138609489121,33.540008378718014,445710,32.52134267578556,36.15713400938893,34.669265,33.18139599061107
2023-02-15T05:00:00,32.73,32.7789,32.6,32.7,10783,34.01201282239049,32.52884771656099,434927,32.522050166271804,36.166309571204245,34.521325000000004,32.876340428795764
2023-02-16T05:00:00,32.55,32.9,32.55,32.8132,8233,33.852171112738425,31.834228198939257,443160,32.52292782101095,36.04097560945835,34.36623000000001,32.69148439054167
2023-02-17T05:00:00,32.48,32.6936,32.47,32.6611,4356,33.69336163103997,32.74944679988508,438804,32.523147842656286,36.011072055433594,34.23551500000001,32.45995794456642
2023-02-21T05:00:00,32.31,32.3607,32.16,32.2719,16127,33.503833413567975,29.05953772237369,422677,32.52167532655658,36.0733253462509,34.116110000000006,32.158894653749115
2023-02-22T05:00:00,32.47,32.47,32.26,32.27,8036,33.33932229175891,19.399793540775605,414641,32.520942471273166,36.05929437513839,33.98323500000001,31.90717562486162
2023-02-23T05:00:00,32.1604,32.47,32.16,32.43,9887,33.21807931952439,21.678071149643472,424528,32.5206178209771,35.94262654264359,33.843509999999995,31.744393457356402
2023-02-24T05:00:00,31.62,31.65,31.526,31.56,9260,32.99700207692114,23.681120851596674,415268,32.51741674102595,35.94579812852017,33.67900999999999,31.412221871479815
2023-02-27T05:00:00,31.66,31.7408,31.5902,31.63,16041,32.81473513333166,28.9611799837118,431309,32.51232350055868,35.85439578473707,33.509215,31.164034215262923
2023-02-28T05:00:00,31.3,31.7899,31.3,31.6536,12960,32.65991711555411,13.490729772170027,444269,32.508359951008785,35.76715027461327,33.356714999999994,30.946279725386713
2023-03-01T05:00:00,31.6806,31.73,31.59,31.6228,10748,32.52163483348023,14.24954897282197,433521,32.50498309663771,35.615987782990956,33.195249999999994,30.774512217009033
2023-03-02T05:00:00,31.35,31.4088,31.35,31.4088,2577,32.37325685568286,13.747122564707183,430944,32.50398178943814,35.26137401181091,32.98618999999999,30.711005988189083
2023-03-03T05:00:00,31.68,31.7997,31.65,31.7997,2545,32.29678260825848,19.78225680121143,433489,32.50334702518413,34.785515930792414,32.796565,30.80761406920759
2023-03-06T05:00:00,31.7456,31.755,31.6799,31.6996,9730,32.217158260490685,22.053088072646858,423759,32.5005869779643,34.594934972428334,32.669045000000004,30.743155027571675
2023-03-07T05:00:00,31.62,31.62,31.17,31.17,19795,32.077537159091925,21.015698674210924,403964,32.491355748260034,34.54549624053263,32.553045000000004,30.56059375946738
2023-03-08T05:00:00,31.37,31.375,31.11,31.14,19938,31.952532204546337,24.637445535540067,384026,32.481978231571645,34.306866979307564,32.39484,30.48281302069244
2023-03-09T05:00:00,31.5301,31.67,31.51,31.6356,14067,31.910274577273494,32.97183180056682,398093,32.477854585036056,34.045592782193786,32.272619999999996,30.499647217806203
2023-03-10T05:00:00,32.03,32.58,32.03,32.26,29138,31.956904633637027,44.89707641026946,427231,32.47567797317159,33.77427849141115,32.18603999999999,30.59780150858883
2023-03-13T04:00:00,33.2,33.36,32.84,32.97,22935,32.09198401581876,58.21120233362343,450166,32.479535076262415,33.50305288519309,32.128814999999996,30.7545771148069
2023-03-14T04:00:00,32.2601,32.59,32.19,32.58,19669,32.15705281370959,53.341237335632634,430497,32.480202886083184,33.290775792241654,32.076814999999996,30.862854207758335
2023-03-15T04:00:00,33.3,33.39,32.82,33.01,17273,32.27077910521498,55.907516805866756,447770,32.48327760640344,33.233612782902206,32.06431500000001,30.89501721709781
2023-03-16T04:00:00,33.57,33.68,32.8,32.8446,15843,32.347288557852984,65.27685282085434,431927,32.485190782254236,33.25813594295381,32.071545,30.884954057046198
2023-03-17T04:00:00,33.29,33.75,33.29,33.608,15491,32.51538341680592,70.19273959737023,447418,32.490973944108234,33.43936984710126,32.111284999999995,30.78320015289873
2023-03-20T04:00:00,33.77,33.88,33.68,33.8463,6821,32.69283896123179,71.4444987775061,454239,32.49404076159233,33.6842683809055,32.170545,30.65682161909449
2023-03-21T04:00:00,33.5,33.615,33.21,33.2892,28061,32.77235376640089,64.77619351635099,426178,32.50137456451671,33.811766159984295,32.22141,30.631053840015703
2023-03-22T04:00:00,33.1699,34,33.1699,33.9413,12594,32.92821326421411,70.83710444470043,438772,32.507310397515454,34.063506320022476,32.304975,30.54644367997752
2023-03-23T04:00:00,33.895,34.2931,33.87,34.2497,26707,33.10441149565223,70.43574002402241,465479,32.52241009762852,34.34854396428937,32.39596,30.44337603571063
2023-03-24T04:00:00,34.4,34.4,34.1649,34.1649,2495,33.2458099628986,70.61597899349408,462984,32.52373877562267,34.58309416033411,32.526205,30.469315839665878
2023-03-27T04:00:00,33.68,33.8,33.65,33.6969,19588,33.305955301178784,71.35107731305452,443396,32.53114240775856,34.703565655196456,32.629549999999995,30.555534344803537
2023-03-28T04:00:00,33.97,34.17,33.907,34.1098,20393,33.41313459435495,73.5683448669926,463789,32.54144679170323,34.87107283698381,32.752359999999996,30.633647163016185
2023-03-29T04:00:00,33.16,33.3101,33.05,33.06,13019,33.36604998177429,60.390102996527915,450770,32.54359867120476,34.88141127997375,32.824220000000004,30.767028720026264
2023-03-30T04:00:00,33.02,33.22,33.02,33.1322,8014,33.33486998420438,56.919586189388184,458784,32.54509838921154,34.8650312631478,32.91039000000001,30.955748736852215
2023-03-31T04:00:00,32.92,33.0696,32.81,33.02,35641,33.292887319643796,50.43824282158262,423143,32.55041945957363,34.85857419270636,32.97140499999999,31.084235807293624
2023-04-03T04:00:00,32.9135,33.294,32.9,33.2016,19283,33.280715677024624,55.654816054728755,442426,32.55434316796114,34.84259739124828,33.046504999999996,31.250412608751706
2023-04-04T04:00:00,33.04,33.63,33.04,33.5717,3456,33.319513586754674,55.166197597630784,445882,32.55544065397454,34.753781860992234,33.16659,31.579398139007765
2023-04-05T04:00:00,33.87,34,33.75,33.7684,10023,33.379365108520716,58.44794791133225,455905,32.559223679907376,34.602277912508775,33.29801,31.99374208749122
2023-04-06T04:00:00,33.55,33.5947,33.46,33.46,3375,33.39011642738462,48.52372022503295,452530,32.56016867646645,34.447699264740365,33.389230000000005,32.330760735259645
2023-04-10T04:00:00,32.74,32.74,32.45,32.5776,12615,33.281780903733335,38.78586455000259,439915,32.5602367624087,34.40314059051314,33.40511,32.40707940948686
2023-04-11T04:00:00,32.7799,32.78,32.45,32.5049,10635,33.178196783235556,42.41826653519706,429280,32.560055142547625,34.43926378845412,33.381855,32.32444621154588
2023-04-12T04:00:00,32.83,32.88,32.66,32.7221,25194,33.11738387880415,37.13218220965079,454474,32.56130534638649,34.426443718233685,33.38896,32.35147628176631
2023-04-13T04:00:00,33.08,33.26,32.965,32.9794,27802,33.09898602829693,36.44666367923517,482276,32.5648348794042,34.4272323102494,33.387429999999995,32.34762768975059
2023-04-14T04:00:00,32.79,32.8,32.43,32.46,30812,33.013787891190674,33.353512077954974,451464,32.56386314416891,34.46035478390199,33.3682,32.27604521609801
2023-04-17T04:00:00,32.17,32.1707,32.0605,32.16,6994,32.89994950569859,34.48484726120044,444470,32.563015195991,34.50090732800029,33.2958,32.09069267199971
2023-04-18T04:00:00,32.22,32.335,32.22,32.2701,1615,32.81596957160544,30.21870497408652,446085,32.562873253184975,34.472872819215226,33.216989999999996,31.96110718078476
2023-04-19T04:00:00,32.0901,32.0901,31.88,31.9438,5541,32.69968029539139,35.786685682269564,440544,32.56184569200047,34.521689512197696,33.149719999999995,31.777750487802294
2023-04-20T04:00:00,32.27,32.27,32.14,32.1695,5485,32.628989589339206,38.202495036886354,446029,32.56120210089648,34.44595997526772,33.06113,31.676300024732274
2023-04-21T04:00:00,32.19,32.2551,32.19,32.2551,5410,32.579137644093976,40.564943875662955,451439,32.56070764678323,34.27493222724073,32.9614,31.647867772759263
2023-04-24T04:00:00,32.05,32.155,31.99,32.155,6002,32.52258595821478,36.82527693857001,445437,32.55998188514755,34.0959530451788,32.860904999999995,31.625856954821185
2023-04-25T04:00:00,32.35,32.575,32.27,32.56,14317,32.52757449711948,37.375527215553205,459754,32.55998196211771,33.983360425506575,32.80405999999999,31.624759574493414
2023-04-26T04:00:00,32.6999,32.7226,32.3501,32.48,3415,32.52123123083688,33.440440080201526,456339,32.55990098200156,33.7444303624762,32.72257,31.700709637523794
2023-04-27T04:00:00,32.25,32.3009,32.2,32.3009,7924,32.49185373339196,34.590124704193144,448415,32.55929393486392,33.70990792843557,32.684614999999994,31.659322071564418
2023-04-28T04:00:00,31.26,31.31,31.05,31.1908,30426,32.31837990227304,32.61545404402551,417989,32.54708793676347,33.779084102967246,32.58754499999999,31.39600589703274
2023-05-01T04:00:00,30.87,30.9,30.56,30.5668,8659,32.0848359153033,28.654816185378564,409330,32.54207397933164,33.9273699185889,32.464884999999995,31.00240008141109
2023-05-02T04:00:00,30.67,31.08,30.6699,31.0037,4926,31.94068445992953,31.94806286242543,414256,32.539861313689784,33.90709083937867,32.35498999999999,30.80288916062131
2023-05-03T04:00:00,31.58,31.71,31.5,31.7084,9647,31.90971319860559,37.79527559055122,423903,32.53752585496705,33.732143750305525,32.261825,30.79150624969448
2023-05-04T04:00:00,31.8586,32.36,31.815,32.1229,11753,31.93813810545818,46.69645832108348,435656,32.536111822617194,33.47749719075931,32.17954999999999,30.881602809240675
2023-05-05T04:00:00,31.79,31.8541,31.675,31.78,5375,31.91705302473042,46.307094266277986,430281,32.53493437417881,33.26193780429152,32.095549999999996,30.929162195708475
2023-05-08T04:00:00,31.6974,31.7601,31.6262,31.6262,24273,31.878272621433034,43.79517027386438,406008,32.5285884571721,33.20944129268262,32.047979999999995,30.886518707317368
2023-05-09T04:00:00,31.54,31.62,31.54,31.5614,3169,31.836022938575297,46.11949991881799,402839,32.52770746601306,33.16084260882999,32.000805,30.84076739117001
2023-05-10T04:00:00,31.81,32.0299,31.81,31.9575,7253,31.85221988009859,47.92059008160704,410092,32.526521193886246,33.07440362505874,31.962575000000005,30.85074637494127
2023-05-11T04:00:00,31.99,31.99,31.84,31.8675,2417,31.854257229418778,46.201489611916905,407675,32.52606462238825,32.916346588707995,31.906980000000004,30.897613411292017
2023-05-12T04:00:00,31.56,31.56,31.3101,31.328,3794,31.78408959882961,42.53798679034179,403881,32.524763139999344,32.85630445760106,31.850379999999994,30.84445554239893
2023-05-15T04:00:00,31.09,31.18,31.09,31.176,2928,31.70301098565233,36.91475682626123,400953,32.52363333486864,32.83751306538004,31.801179999999995,30.76484693461995
2023-05-16T04:00:00,31.11,31.11,30.8701,31.0348,4977,31.61391618756535,36.492448033497865,395976,32.52151647272846,32.80347187305707,31.739414999999997,30.67535812694292
2023-05-17T04:00:00,30.7,30.7,30.43,30.4388,8271,31.457234029223304,33.85415763461374,387705,32.51660691851878,32.863969987945964,31.664165000000004,30.464360012054048
2023-05-18T04:00:00,30.18,30.18,29.93,29.9507,12333,31.256362825326867,37.947322383127634,375372,32.507619402919346,32.94118070660594,31.553224999999998,30.165269293394054
2023-05-19T04:00:00,29.97,30.42,29.97,30.2332,5490,31.119941115283286,46.527170518425976,380862,32.50407864448313,32.91346765584823,31.45213,29.99079234415177
2023-05-22T04:00:00,30.01,30.03,29.89,29.9771,10638,30.96756229991218,38.89489853316606,370224,32.4964787624252,32.90028757236228,31.343235,29.78618242763772
2023-05-23T04:00:00,30,30.04,29.89,29.9831,5101,30.836300659923893,28.0132534726647,375325,32.4928593947199,32.77384458657827,31.21439,29.654935413421732
2023-05-24T04:00:00,29.86,29.868,29.63,29.6579,4013,30.679180571934044,17.85509363100516,371312,32.48965132561667,32.65961239782808,31.073285,29.48695760217192
2023-05-25T04:00:00,29.56,29.56,29.27,29.2746,9167,30.491903162342837,17.668920662778078,362145,32.481361952933526,32.5864505569306,30.921969999999998,29.2574894430694
2023-05-26T04:00:00,29.27,29.31,29.055,29.0894,16687,30.304902740697127,17.52688172043011,345458,32.46551658873924,32.65634158700405,30.816899999999997,28.97745841299594
2023-05-30T04:00:00,29.38,29.4398,29.3,29.424,9610,30.187449041937512,24.407299200153247,355068,32.45735603249035,32.6952210596961,30.759759999999993,28.82429894030388
2023-05-31T04:00:00,29.39,29.62,29.19,29.6094,10327,30.110375836345845,20.390406294923196,365395,32.44916830706013,32.68487157639706,30.690044999999998,28.69521842360294
2023-06-01T04:00:00,29.69,29.86,29.68,29.82,27391,30.0716590581664,24.943094206623087,392786,32.429271518952,32.56733968612982,30.595625000000002,28.623910313870187
2023-06-02T04:00:00,29.71,29.71,29.3,29.31,11570,29.970104517077548,25.12450076426208,381216,32.41933218734869,32.37137956230427,30.45498,28.538580437695728
2023-06-05T04:00:00,29.22,29.58,29.194,29.4989,20724,29.907277248133877,29.51308299333023,401940,32.40275847976996,32.19894418814096,30.340925,28.482905811859037
2023-06-06T04:00:00,29.4093,29.47,29.32,29.4398,10560,29.844946948382695,30.11717776115681,391380,32.39421500815058,32.03061882482181,30.231604999999995,28.432591175178185
2023-06-07T04:00:00,29.5601,29.605,29.1879,29.1879,31246,29.757340688598337,32.94335814993589,360134,32.36709087120919,31.85772477200042,30.11293,28.368135227999577
2023-06-08T04:00:00,29.44,29.83,29.44,29.7461,25403,29.75584193011856,47.26251003478722,385537,32.3491877345784,31.532664234327278,30.00236,28.47205576567272
2023-06-09T04:00:00,29.55,29.5502,29.5,29.5006,2371,29.72180967276942,40.09999999999999,383166,32.34737279166318,31.16480072333548,29.884014999999994,28.60322927666451
2023-06-12T04:00:00,29.4,29.4696,29.355,29.4403,11058,29.6842750497335,42.34061982763541,372108,32.33875996498755,30.89739171643544,29.789629999999995,28.68186828356455
2023-06-13T04:00:00,29.5396,29.5396,29.1375,29.1375,19116,29.61137170976903,38.876611418047865,352992,32.32244776446992,30.629103719937522,29.687705,28.74630628006248
2023-06-14T04:00:00,29.45,29.64,29.34,29.3437,88062,29.575682148466495,45.73329712112977,441054,32.254128979056475,30.323127956607014,29.603150000000007,28.883172043393
2023-06-15T04:00:00,29,29.14,28.96,29.1053,44732,29.512964528670963,47.60679652822934,396322,32.2178667206275,30.17717366200891,29.536475000000006,28.8957763379911
2023-06-16T04:00:00,28.69,28.76,28.43,28.4748,71684,29.374542591514835,42.28354760948168,324638,32.150040831935016,30.224143235094118,29.46268,28.70121676490588
2023-06-20T04:00:00,28.61,28.7,28.5,28.615,16905,29.273270245979525,39.321541710665244,341543,32.13499890769608,30.142435898013048,29.381769999999996,28.621104101986944
2023-06-21T04:00:00,28.29,28.51,28.25,28.4727,14805,29.16652754651559,34.8233597692862,326738,32.12140198613633,30.11301048012287,29.306550000000005,28.50008951987714
2023-06-22T04:00:00,28.34,28.34,27.88,27.8846,15521,28.995603873646843,26.525810207646003,311217,32.10497532994121,30.160366812742097,29.201625,28.242883187257902
2023-06-23T04:00:00,28,28,27.615,27.6633,34764,28.817963357160597,28.523358635260962,276453,32.06673578544404,30.246907208624872,29.101895000000003,27.956882791375133
2023-06-26T04:00:00,27.8089,27.8089,27.69,27.78,20408,28.67956824287252,27.151402366077377,296861,32.045179500392386,30.304752782150413,29.027165000000004,27.749577217849595
2023-06-27T04:00:00,27.8,27.8,27.53,27.59,12630,28.534292477156185,26.238310553899893,284231,32.031357660607966,30.374187456344266,28.952195,27.530202543655733
2023-06-28T04:00:00,27.48,27.48,27.33,27.37,64503,28.37905348020203,26.455122393472365,219728,31.958652970849105,30.410270960187752,28.849495,27.28871903981225
2023-06-29T04:00:00,27.22,27.29,27.15,27.23,43299,28.225846349508426,13.45321442059091,176429,31.909656820746147,30.400395606813593,28.730525,27.060654393186407
2023-06-30T04:00:00,27.34,27.44,27.26,27.42,25393,28.11840016957397,19.283689618519006,201822,31.88253975103526,30.29485627486845,28.610524999999996,26.92619372513154
2023-07-03T04:00:00,27.29,27.49,27.27,27.2899,16118,28.007933480297442,18.894289185905265,185704,31.864999842405606,30.25512042002744,28.50951999999999,26.763919579972544
2023-07-05T04:00:00,27.43,27.46,27.25,27.2861,28294,27.911689016257785,20.683430453509047,157410,31.834506333653582,30.160053679794245,28.398880000000002,26.63770632020576
2023-07-06T04:00:00,27.47,27.47,27.2505,27.47,12477,27.852797147423413,20.119286830606327,169887,31.821726544795123,30.03785721741735,28.30039,26.56292278258265
2023-07-07T04:00:00,27.9,28.24,27.9,28.24,21525,27.904424194433627,38.20120537783958,191412,31.803724342435842,29.942078117522637,28.252995,26.56391188247736
2023-07-10T04:00:00,28.34,28.62,28.3,28.5316,91181,27.98804763517581,50.853365384615415,282593,31.735510151435637,29.74401202636907,28.192269999999997,26.640527973630924
2023-07-11T04:00:00,28.84,28.91,28.65,28.8601,29295,28.104321283819036,53.485197508745,311888,31.71637927991641,29.626756103912953,28.160244999999996,26.69373389608704
2023-07-12T04:00:00,29.41,29.78,29.37,29.71,80713,28.31841177930983,64.64641681857998,392601,31.68026249921661,29.691151295619644,28.17373,26.656308704380354
2023-07-13T04:00:00,29.77,29.89,29.6,29.87,64022,28.525290208735186,76.15258970441013,456623,31.65477858748172,29.849530916703273,28.210355000000003,26.571179083296734
2023-07-14T04:00:00,29.54,29.67,29.37,29.5138,70332,28.65709151423716,73.53906428880349,386291,31.622172727621138,29.883043866524364,28.218859999999996,26.554676133475628
2023-07-17T04:00:00,29.43,29.59,29.23,29.54,40973,28.774812645672206,72.91547315243993,427264,31.603861866996894,29.960927905544732,28.240594999999995,26.52026209445526
2023-07-18T04:00:00,29.8,29.9,29.4,29.54,79956,28.876837626249245,76.71086515807352,427264,31.56904127263932,30.103528746811836,28.293854999999997,26.484181253188158
2023-07-19T04:00:00,29.19,29.19,29,29.1133,67313,28.90836594274935,72.59975628095097,359951,31.53464900342437,30.158907831902816,28.31877,26.478632168097185
2023-07-20T04:00:00,29.08,29.08,28.75,28.9,28495,28.9072504837161,71.245738130375,331456,31.519121430725395,30.196773942040164,28.340135000000004,26.483496057959844
2023-07-21T04:00:00,28.35,28.4099,28.2,28.2,42234,28.81295041922062,58.78338813566953,289222,31.490379210491877,30.202127772554817,28.355905,26.509682227445182
2023-07-24T04:00:00,28.44,28.5946,28.28,28.3258,11575,28.747997029991208,61.67632273044931,300797,31.482886440030317,30.207928124799736,28.389029999999998,26.57013187520026
2023-07-25T04:00:00,28.33,28.59,28.28,28.56,17826,28.722930759325713,63.65000107151273,318623,31.472267269637506,30.226353949793246,28.428029999999996,26.629706050206746
2023-07-26T04:00:00,28.7407,28.95,28.68,28.81,12641,28.734539991415616,64.15772124080803,331264,31.465425942311512,30.251927157635684,28.489029999999993,26.7261328423643
2023-07-27T04:00:00,28.6,29.43,28.36,29.36,55437,28.817934659226868,62.41024731850013,386701,31.44196313141292,30.311747197105458,28.58853,26.86531280289454
2023-07-28T04:00:00,28.83,28.83,28.43,28.49,36548,28.774210037996617,49.59141981613889,350153,31.420433537291217,30.259765799999492,28.65153,27.04329420000051
2023-07-31T04:00:00,27.82,28.06,27.82,27.97,36261,28.666982032930402,41.57469284213317,313892,31.39564542340986,30.219471751057146,28.67903,27.138588248942856
2023-08-01T04:00:00,27.64,27.64,27.475,27.54,35770,28.516717761873018,27.685916419874943,278122,31.368513588085122,30.190159944774376,28.691535,27.19291005522562
2023-08-02T04:00:00,27.61,27.64,27.48,27.5,26107,28.381155393623285,25.012651821862335,252015,31.34874664839802,30.163161489290307,28.702229999999997,27.241298510709687
2023-08-03T04:00:00,27.8,28.04,27.7064,27.8,19486,28.30366800780685,31.714395459007306,271501,31.33526376243982,30.130238928912597,28.718729999999994,27.30722107108739
2023-08-04T04:00:00,28.13,28.2384,28.08,28.16,24826,28.2845122734326,36.25498007968128,296327,31.31996787825632,30.132084160539986,28.714730000000003,27.29737583946002
2023-08-07T04:00:00,28.07,28.0902,27.81,27.89,17628,28.231910636974924,34.404536862003795,278699,31.308275626749687,30.143507592648923,28.682650000000002,27.22179240735108
2023-08-08T04:00:00,27.64,27.67,27.49,27.5,21610,28.134322552044935,34.64488987874289,257089,31.292427530087977,30.16029718917453,28.614645000000003,27.068992810825478
2023-08-09T04:00:00,27.55,27.55,27.34,27.4,14312,28.036412878438945,35.40856031128405,242777,31.28172911303943,30.04536350651841,28.499145000000006,26.952926493481602
2023-08-10T04:00:00,27.23,27.23,26.95,27.02,67970,27.900891161313755,37.75933609958507,174807,31.22681682590113,29.89654498697967,28.356644999999997,26.816745013020324
2023-08-11T04:00:00,26.97,26.98,26.87,26.92,30827,27.770105673138588,35.33853406199157,143980,31.201794738993602,29.791883821991597,28.226955000000004,26.66202617800841
2023-08-14T04:00:00,26.74,26.79,26.67,26.7,22332,27.62742491672011,30.543933054393307,121648,31.182926771101588,29.662879934177795,28.084955,26.507030065822207
2023-08-15T04:00:00,26.72,26.82,26.64,26.69,22155,27.502434927824098,26.65198237885464,99493,31.1643225768342,29.48335434710221,27.942455000000006,26.4015556528978
2023-08-16T04:00:00,26.55,26.61,26.38,26.4,34579,27.355443604114217,15.420560747663544,64914,31.13372932636561,29.38869034818885,27.80679,26.22488965181115
2023-08-17T04:00:00,26.5845,26.61,26.3898,26.61,20665,27.256051123565655,24.03314917127075,85579,31.116435916153574,29.27260874999951,27.692290000000003,26.111971250000497
2023-08-18T04:00:00,26.6699,26.81,26.64,26.76,22801,27.189910973756902,31.384615384615444,108380,31.098137821815765,29.232416047057107,27.620289999999994,26.00816395294288
2023-08-21T04:00:00,26.38,26.46,26.34,26.42,28471,27.08725617725598,32.27848101265829,79909,31.073730250588,29.1836801982299,27.524999999999995,25.86631980177009
2023-08-22T04:00:00,26.4556,26.59,26.4401,26.54,24772,27.014288686955187,35.185185185185176,104681,31.053242298362715,29.06418779412602,27.423999999999996,25.78381220587397
2023-08-23T04:00:00,26.76,27.01,26.75,27.01,30127,27.013716862027827,38.416422287390056,134808,31.03114255847023,28.853176092492237,27.333999999999996,25.814823907507755
2023-08-24T04:00:00,26.52,26.6293,26.43,26.52,20836,26.947887947090784,26.836158192090423,113972,31.014153716431387,28.432493450204394,27.192,25.951506549795607
2023-08-25T04:00:00,26.34,26.4192,26.16,26.32,19819,26.86416955414535,27.377521613832883,94153,30.997398540536278,28.226675839492774,27.083500000000004,25.940324160507235
2023-08-28T04:00:00,26.22,26.2601,26.1551,26.23,12054,26.779613613592637,29.96845425867511,82099,30.987071382997392,28.121262641627116,26.996500000000005,25.871737358372894
2023-08-29T04:00:00,25.93,26.5213,25.93,26.5,32250,26.742331798446955,36.52694610778447,114349,30.961215991089936,28.060071154162742,26.944499999999998,25.828928845837254
2023-08-30T04:00:00,26.57,26.5799,26.27,26.27,16204,26.679354225320694,38.24451410658308,98145,30.947673126621332,28.004893043030393,26.883,25.761106956969606
2023-08-31T04:00:00,26.381,26.66,26.31,26.66,21489,26.6767736619446,46.26436781609194,119634,30.9313207357828,27.868792405035634,26.826,25.783207594964367
2023-09-01T04:00:00,26.76,26.808,26.27,26.29,10421,26.625203840351986,44.35261707988982,109213,30.9227524907541,27.600828854754923,26.732499999999998,25.864171145245074
2023-09-05T04:00:00,25.86,25.92,25.75,25.7836,36393,26.512989994971722,39.01706087630865,72820,30.88983252718993,27.415689215164925,26.627180000000003,25.83867078483508
2023-09-06T04:00:00,25.86,26,25.7601,25.81,13262,26.41925799564216,42.36305270788031,86082,30.8780022259189,27.300558263575358,26.54268,25.784801736424644
2023-09-07T04:00:00,26.05,26.05,25.89,25.96,6450,26.358023596223205,41.453665719995826,92532,30.872438135291755,27.15955382182806,26.470679999999998,25.781806178171937
2023-09-08T04:00:00,25.85,25.87,25.71,25.73,13828,26.27428711672678,36.736375811270214,78704,30.859995221536092,27.118413825649977,26.40618,25.69394617435002
2023-09-11T04:00:00,26.18,26.2699,26.15,26.18,23595,26.26171550116321,46.99459026247243,102299,30.84075236003007,27.0468453321515,26.36918,25.6915146678485
2023-09-12T04:00:00,25.97,26,25.9,25.97,15544,26.222820101008114,43.01949642402273,86755,30.827594407951043,27.013768733132476,26.33268,25.651591266867523
2023-09-13T04:00:00,25.85,25.89,25.75,25.8254,22580,26.16983075420703,34.23644009155264,64175,30.80804142439422,26.98395530163563,26.289449999999995,25.594944698364362
2023-09-14T04:00:00,25.9,25.9445,25.8,25.8,16636,26.120519986979428,39.067055393586024,47539,30.793660181280718,26.98347045136861,26.259450000000005,25.5354295486314
2023-09-15T04:00:00,25.7,25.73,25.63,25.65,17480,26.057783988715506,39.66942148760329,30059,30.778186812736145,26.962914180117725,26.211450000000003,25.45998581988228
2023-09-18T04:00:00,25.73,25.78,25.71,25.78,40392,26.02074612355344,43.14609479712443,70451,30.743682725427384,26.891931195096895,26.162449999999996,25.432968804903098
2023-09-19T04:00:00,25.72,25.73,25.6657,25.69,11634,25.976646640412984,36.94727343044996,58817,30.733654200354746,26.873070615429665,26.12595,25.378829384570334
2023-09-20T04:00:00,25.69,25.78,25.56,25.56,49143,25.92109375502459,38.17770081257495,9674,30.690647720790395,26.837448266927677,26.07695,25.316451733072324
2023-09-21T04:00:00,25.66,25.81,25.62,25.7,33200,25.89161458768798,32.56320836966002,42874,30.662777671682473,26.65604166454431,26.011450000000004,25.366858335455696
2023-09-22T04:00:00,25.5,25.56,25.4104,25.47,29643,25.835399309329585,34.3080220453154,13231,30.637014190580075,26.60034099931321,25.958949999999998,25.317559000686785
2023-09-25T04:00:00,25.35,25.35,25.23,25.33,50419,25.768012734752308,39.90384615384616,-37188,30.592604512777807,26.58370930768511,25.90945,25.23519069231489
2023-09-26T04:00:00,25.3,25.3,25.18,25.25,38570,25.698944370118667,37.826086956521806,-75758,30.558621292605547,26.575604538543935,25.860449999999993,25.14529546145605
2023-09-27T04:00:00,25.18,25.18,24.96,25.03,86927,25.609751787436178,30.379746835443086,-162685,30.48048519456453,26.525842153159036,25.786949999999997,25.04805784684096
2023-09-28T04:00:00,25.05,25.15,25.04,25.15,96086,25.548451549111352,37.16814159292032,-66599,30.398492551641915,26.484535571783322,25.730949999999996,24.97736442821667
2023-09-29T04:00:00,25.11,25.14,25,25,58210,25.475324675896506,19.897959183673493,-124809,30.348651189204514,26.3368375191205,25.647949999999998,24.959062480879496
2023-10-02T04:00:00,24.96,24.96,24.885,24.92,26938,25.401281385776972,21.31147540983612,-151747,30.3255557884744,26.271789233324245,25.57945,24.887110766675757
2023-10-03T04:00:00,24.83,25.65,24.7999,25.27,67166,25.38377720100671,36.3564901247912,-84581,30.272491292621876,26.251990724699574,25.55377,24.855549275300426
2023-10-04T04:00:00,25.2,25.258,25.11,25.1298,47111,25.349913574205814,34.41540321830523,-131692,30.234906446629186,26.230889249574222,25.519759999999998,24.808630750425774
2023-10-05T04:00:00,25.29,25.38,25.21,25.35,22014,25.349925097645038,43.244460457575265,-109678,30.218280951315666,26.17408497734823,25.48926,24.804435022651774
2023-10-06T04:00:00,25.05,25.12,25,25.06,38770,25.311268417959035,34.87649134599221,-148448,30.187546547541334,26.15558707121117,25.45576,24.755932928788834
2023-10-09T04:00:00,25.17,25.32,25.17,25.32,27286,25.31243262889783,42.746235884567106,-121162,30.167220326958997,26.030128098949078,25.41276,24.79539190105092
2023-10-10T04:00:00,25.13,25.27,25.11,25.26,11599,25.30544161171145,43.95258829221098,-132761,30.15852486795759,25.941765278628992,25.377259999999996,24.812754721371
2023-10-11T04:00:00,25.16,25.16,25.03,25.0395,24363,25.269982730149923,37.1041430747003,-157124,30.139542910266034,25.88123315947559,25.337964999999997,24.794696840524402
2023-10-12T04:00:00,24.94,24.96,24.81,24.835,31531,25.2119850327966,37.47732113276013,-188655,30.114207411052934,25.831681357904248,25.289714999999998,24.747748642095747
2023-10-13T04:00:00,24.86,24.93,24.85,24.9255,9473,25.17378702842372,41.864113600708,-179182,30.106772637638066,25.7911218327629,25.253489999999996,24.71585816723709
2023-10-16T04:00:00,24.86,24.92,24.81,24.9131,6796,25.139028757967225,43.03436298226025,-185978,30.10143925485678,25.709407802439753,25.210144999999997,24.71088219756024
2023-10-17T04:00:00,24.8399,24.92,24.79,24.86,32314,25.101824923571595,46.22457137780932,-218292,30.075970911659496,25.63858381080413,25.168644999999998,24.698706189195867
2023-10-18T04:00:00,24.87,24.87,24.7579,24.7618,43472,25.056488267095382,41.29440258342308,-261764,30.041458534632696,25.594507559410705,25.128735,24.662962440589293
2023-10-19T04:00:00,24.8,24.81,24.71,24.7844,10105,25.020209831482664,44.87203881647801,-251659,30.033534365419243,25.49161796859392,25.082954999999995,24.67429203140607
2023-10-20T04:00:00,24.71,24.77,24.71,24.7686,13005,24.98666185395164,46.285574092247245,-264664,30.02334056219919,25.43761419970153,25.047884999999997,24.658155800298463
2023-10-23T04:00:00,24.7,24.88,24.7,24.87,33915,24.971106940091424,38.823069185201824,-230749,29.997450907383097,25.399296123098658,25.024884999999998,24.650473876901337
2023-10-24T04:00:00,24.79,24.81,24.72,24.7687,36111,24.944119348079237,39.68580405598405,-266860,29.969630329555567,25.376130525298716,25.000819999999997,24.62550947470128
2023-10-25T04:00:00,24.77,24.77,24.65,24.685,24572,24.909570101668674,29.399008674101637,-291432,29.950566318929692,25.382876774798525,24.98357,24.584263225201475
2023-10-26T04:00:00,24.65,24.685,24.5461,24.58,43583,24.865627421446185,33.20503848845351,-335015,29.91642137623152,25.383124739957402,24.95507,24.527015260042596
2023-10-27T04:00:00,24.8,24.865,24.765,24.86,66691,24.864877098586696,34.126984126984155,-268324,29.867702758784493,25.37753336328027,24.94807,24.51860663671973
2023-10-30T04:00:00,24.77,25.09,24.7301,24.99,87251,24.88156015210847,41.112574061882746,-181073,29.806983006037242,25.38120219199683,24.95157,24.52193780800317
2023-10-31T04:00:00,24.33,24.36,24.13,24.14,125406,24.782685465160675,29.06679078426812,-306479,29.707370765170054,25.4272959486346,24.89507,24.3628440513654
2023-11-01T04:00:00,24.25,24.45,24.21,24.39,45133,24.730327403139253,39.858705560619875,-261346,29.673943958535475,25.421809479803922,24.85808,24.29435052019608
2023-11-02T04:00:00,24.56,24.58,24.46,24.52,30996,24.70228374938735,40.92231922990823,-230350,29.651788631959093,25.35077517631667,24.81658,24.282384823683326
2023-11-03T04:00:00,24.82,24.9,24.74,24.84,44945,24.720645916135705,48.561646531029865,-185405,29.621981370537423,25.328207521663373,24.80558,24.282952478336625
2023-11-06T05:00:00,24.7,24.75,24.63,24.66,22820,24.71255979398428,46.25187406296854,-208225,29.60642382376642,25.24172459007858,24.772579999999998,24.303435409921416
2023-11-07T05:00:00,24.43,24.54,24.39,24.4991,53643,24.68409848811971,45.18987805324639,-261868,29.569056872234874,25.16085596957574,24.734534999999997,24.308214030424256
2023-11-08T05:00:00,24.343,24.39,24.27,24.3,42611,24.632885356370416,41.66895982388552,-304479,29.538611650109047,25.139650906488697,24.69756,24.2554690935113
2023-11-09T05:00:00,24.34,24.36,24.16,24.21,63645,24.576500642187696,40.63191789092375,-368124,29.49301731787313,25.15139052898462,24.66631,24.181229471015378
2023-11-10T05:00:00,24.18,24.18,24.1001,24.15,57209,24.519633889896003,37.75510204081629,-425333,29.452236498250993,25.146349445731804,24.627534999999998,24.108720554268192
2023-11-13T05:00:00,24.03,24.23,24.015,24.08,81238,24.46101603790987,38.16137793516002,-506571,29.394634488515425,25.138941763639465,24.585879999999996,24.032818236360526
2023-11-14T05:00:00,24.32,24.58,24.3063,24.56,71915,24.474213899521892,48.1089258698941,-434656,29.349177183993945,25.10947345929931,24.570879999999995,24.03228654070068
2023-11-15T05:00:00,24.38,24.38,24.0994,24.1158,100256,24.42642537958564,43.63097524833985,-534912,29.281466486798237,25.10430009545357,24.538579999999996,23.97285990454642
2023-11-16T05:00:00,24.29,24.438,24.2763,24.35,20629,24.416235328974224,42.913517118719454,-514283,29.268372723404426,25.07648414315324,24.51686,23.95723585684676
2023-11-17T05:00:00,24.69,24.71,24.573,24.61,51403,24.442070618444326,44.9039802596288,-462880,29.23775526918834,25.058464392372304,24.50893,23.959395607627695
2023-11-20T05:00:00,25,25.1999,25,25.16,103940,24.537794535985082,64.87574378718935,-358940,29.184272185904376,25.12330596084524,24.52343,23.923554039154762
2023-11-21T05:00:00,25.41,25.42,25.08,25.13,84483,24.616755264520403,61.53222790175786,-443423,29.14150708928795,25.189646023990548,24.541494999999998,23.893343976009447
2023-11-22T05:00:00,24.69,24.85,24.62,24.72,68015,24.630521229251016,52.86664373351679,-511438,29.10427565367905,25.193123119265454,24.543245000000002,23.89336688073455
2023-11-24T05:00:00,24.69,24.7282,24.632,24.72,34860,24.64245173201755,48.10629970963261,-511438,29.085435272274577,25.204556737553286,24.550245,23.895933262446714
2023-11-27T05:00:00,24.9,24.99,24.81,24.98,53783,24.68745816774854,54.9255017854944,-457655,29.058395760492537,25.22387370661769,24.556245000000008,23.888616293382324
2023-11-28T05:00:00,25.13,25.3901,25.06,25.39,83244,24.78113041204874,62.736240171551124,-374411,29.02137725151467,25.314844275588605,24.576245000000007,23.83764572441141
2023-11-29T05:00:00,25.34,25.49,25.2799,25.43,97716,24.86764635710891,66.92427510184515,-276695,28.979333420851013,25.43862059801012,24.640745000000006,23.84286940198989
2023-11-30T05:00:00,25.13,25.23,24.98,25.09,80781,24.89729350949439,62.261732248355784,-357476,28.942053319448114,25.48783912625631,24.675745,23.863650873743687
2023-12-01T05:00:00,25.05,25.6,24.9982,25.56,102484,24.98565437489514,67.63205282112845,-254992,28.901420229480138,25.622290107806197,24.727745000000002,23.833199892193807
2023-12-04T05:00:00,25.49,25.68,25.33,25.41,104964,25.04223379157579,66.30541388779916,-359956,28.858980322726488,25.698336338406207,24.756245,23.814153661593792
2023-12-05T05:00:00,25.5,25.58,25.3507,25.44,35745,25.09526928603235,62.12655716018083,-324211,28.844885819328862,25.781705161334457,24.795245,23.808784838665545
2023-12-06T05:00:00,25.44,25.4496,25.332,25.36,41842,25.130566714561372,69.05826848845044,-366053,28.82814995378586,25.844242996715053,24.838289999999997,23.83233700328494
2023-12-07T05:00:00,26.19,27.36,26.19,26.68,314945,25.33715781928652,76.78160919540227,-51108,28.753208037898254,26.212568993530923,24.95729,23.70201100646908
2023-12-08T05:00:00,26.38,26.5796,26.16,26.19,135316,25.45087011004832,67.24890829694324,-186424,28.71535531528997,26.371108493785357,25.056289999999997,23.741471506214637
2023-12-11T05:00:00,25.8,25.8,25.57,25.75,108774,25.490754095375213,56.59955257270693,-295198,28.680566408545285,26.41500891813643,25.13629,23.85757108186357
2023-12-12T05:00:00,25.95,25.99,25.8508,25.99,81425,25.55732021599185,59.18803418803418,-213773,28.657143378639585,26.465181872682805,25.23179,23.998398127317195
2023-12-13T05:00:00,26.13,26.95,25.97,26.84,143034,25.72834418719294,70.703125,-70739,28.62977312286658,26.72284447662756,25.34579,23.96873552337244
2023-12-14T05:00:00,27.25,27.4386,27.1701,27.34,176327,25.94323162890055,73.30960854092527,105588,28.60626096901098,27.018662660781164,25.506999999999998,23.995337339218832
2023-12-15T05:00:00,27.23,27.4199,27.09,27.16,52870,26.105467411713807,69.67509025270758,52718,28.59839868259295,27.223861316450005,25.647499999999997,24.07113868354999
2023-12-18T05:00:00,26.91,26.91,26.76,26.91,64983,26.212738423485302,64.12639405204462,-12265,28.58719204223536,27.3548300537263,25.7625,24.1701699462737
2023-12-19T05:00:00,26.38,26.605,26.311,26.5,78928,26.251039967020596,59.30434782608696,-91193,28.570500094130253,27.42754223974212,25.829500000000003,24.231457760257886
2023-12-20T05:00:00,26.71,26.71,26.4538,26.58,43301,26.294901304751185,63.570127504553724,-47892,28.561805038363275,27.49809022301373,25.902000000000005,24.30590977698628
2023-12-21T05:00:00,27.14,27.16,26.9404,27.16,51519,26.410247797451028,64.28571428571429,3627,28.55455707546966,27.613042478979086,26.024,24.434957521020916
2023-12-22T05:00:00,27.19,27.19,26.935,27.02,41188,26.491548091124226,64.40071556350625,-37561,28.548239896840787,27.66558966326908,26.139000000000003,24.612410336730925
2023-12-26T05:00:00,27.06,27.1,26.92,27.03,35283,26.56334167897433,64.27289048473966,-2278,28.54290474851388,27.71749830623209,26.241500000000002,24.765501693767913
2023-12-27T05:00:00,26.89,27.25,26.8849,27.23,39372,26.652229455111087,66.4323374340949,37094,28.537776587788095,27.815097448701906,26.333499999999997,24.85190255129809
2023-12-28T05:00:00,27.46,27.74,27.24,27.36,124932,26.746598861096274,57.55555555555556,162026,28.52335782684942,27.915045453849814,26.43,24.944954546150186
2023-12-29T05:00:00,27.15,27.5299,27.14,27.49,44164,26.845719012950106,65.7004830917874,206190,28.518905008136354,27.968929173708123,26.550000000000004,25.131070826291886
2024-01-02T05:00:00,27.19,27.28,27.08,27.22,61028,26.895623144556758,68.51385390428212,145162,28.511216464696236,28.003971918020206,26.633000000000003,25.2620280819798
2024-01-03T05:00:00,26.64,26.65,26.4,26.65,89611,26.862873391949194,57.674418604651166,55551,28.495178939327197,27.946039567719588,26.695000000000004,25.44396043228042
2024-01-04T05:00:00,26.09,26.12,26,26.06,65173,26.75582360635597,40.34653465346533,-9622,28.480013165041452,27.877909718684585,26.726,25.574090281315414
2024-01-05T05:00:00,25.88,26.3492,25.8401,25.9935,78776,26.654180458841843,31.33231665049216,-88398,28.461435389689523,27.785781428099735,26.757675,25.729568571900263
2024-01-08T05:00:00,26.133,26.3945,26.133,26.205,32341,26.594289730996266,36.87465640461788,-56057,28.45453529144455,27.789685307787718,26.733925000000006,25.678164692212295
2024-01-09T05:00:00,26.35,26.39,26.0494,26.08,44850,26.525717766863433,38.18673498434382,-100907,28.444508033921224,27.796536196224437,26.728424999999998,25.66031380377556
2024-01-10T05:00:00,25.83,25.83,25.61,25.63,74446,26.40628873128164,37.75682521812549,-175353,28.42491726790501,27.81355374011273,26.722424999999998,25.631296259887264
2024-01-11T05:00:00,25.53,25.8,25.4501,25.8,44749,26.325450233777424,39.29453746911888,-130604,28.413980393687687,27.83233789411012,26.712924999999995,25.59351210588987
2024-01-12T05:00:00,26.04,26.1107,25.8601,25.94,21742,26.274056869273767,30.955354355291902,-108862,28.40898221571751,27.834646143847145,26.667924999999997,25.50120385615285
2024-01-16T05:00:00,25.39,25.39,25.07,25.07,66161,26.113515953370598,25.209763539282974,-175023,28.3885803273827,27.869736798586175,26.554425,25.239113201413822
2024-01-17T05:00:00,24.88,24.88,24.65,24.65,54614,25.918380492921184,22.599585539949288,-229637,28.3698182936945,27.95177326148241,26.428925,24.90607673851759
2024-01-18T05:00:00,24.89,24.89,24.73,24.765,47904,25.76459642719836,21.054485674025358,-181733,28.35401975795705,27.989157901711437,26.321675,24.65419209828856
2024-01-19T05:00:00,24.72,24.88,24.67,24.81,46982,25.63731690357191,19.44644140905821,-134751,28.338851817942235,28.026758897865644,26.237174999999997,24.44759110213435
2024-01-22T05:00:00,24.84,24.91,24.78,24.84,40353,25.53100798309566,17.468696292659004,-94398,28.326037166203534,28.03146400690457,26.150174999999997,24.268885993095424
2024-01-23T05:00:00,24.77,24.77,24.5984,24.75,23003,25.426873585349572,18.276393526843066,-117401,28.318586653542607,27.94522088237922,26.029674999999997,24.114129117620774
2024-01-24T05:00:00,25.28,25.28,24.94,24.98,75086,25.367290440636296,26.49873346467777,-42315,28.29603503415518,27.838673385007162,25.927674999999994,24.016676614992825
2024-01-25T05:00:00,25.12,25.12,24.85,24.94,27714,25.31031838188479,31.351981351981394,-70029,28.28768861139515,27.710053408244683,25.823175,23.936296591755315
2024-01-26T05:00:00,24.85,24.87,24.75,24.87,20283,25.251609264300154,31.315483119906887,-90312,28.281479211927962,27.519146148475077,25.705174999999997,23.891203851524917
2024-01-29T05:00:00,24.81,25.03,24.78,25,26827,25.218061362393467,29.401709401709468,-63485,28.273612661713443,27.256474412178648,25.587174999999995,23.917875587821342
2024-01-30T05:00:00,25.022,25.09,24.81,24.89,27591,25.17431984740767,29.553264604811062,-91076,28.26529078672019,26.903557566093767,25.457174999999996,24.010792433906225
2024-01-31T05:00:00,25.04,25.41,24.98,25.08,87289,25.161743867753316,39.62264150943396,-3787,28.240697557136578,26.555649316399975,25.350174999999997,24.144700683600018
2024-02-01T05:00:00,25.3,25.49,25.1698,25.36,92315,25.18817801871954,42.02898550724636,88528,28.21736592631098,26.33383416133954,25.285675,24.237515838660464
2024-02-02T05:00:00,24.84,24.88,24.5801,24.68,72643,25.120420949556937,30.909090909090892,15885,28.1949637721161,26.23306381708724,25.216675,24.20028618291276
2024-02-05T05:00:00,24.59,24.6169,24.47,24.59,60521,25.04969815628268,40.47619047619047,-44636,28.17604305391939,26.131995306939608,25.146499999999996,24.161004693060384
2024-02-06T05:00:00,24.52,24.8134,24.52,24.75,37586,25.009738402111658,52.212389380531015,-7050,28.164912001097786,25.944030845474607,25.073749999999997,24.203469154525386
2024-02-07T05:00:00,24.72,24.85,24.65,24.71,11833,24.969773281830104,48.74141876430206,-18883,28.161381753377636,25.755299831677867,25.005249999999997,24.255200168322126
2024-02-08T05:00:00,24.33,24.33,24.24,24.26,48191,24.875136844252758,39.382239382239426,-67074,28.14521383190379,25.69623847917529,24.936749999999996,24.177261520824704
2024-02-09T05:00:00,24.3,24.31,24.21,24.2984,33019,24.79823859835239,39.57820197044335,-34055,28.134321936025923,25.559332351284628,24.861669999999997,24.164007648715366
2024-02-12T05:00:00,24.265,24.3133,24.2001,24.2803,12496,24.729180118572074,40.70453196121115,-46551,28.13019660808129,25.321110859542113,24.778685,24.236259140457886
2024-02-13T05:00:00,23.98,23.98,23.8,23.85,76581,24.611956102762466,29.279741821915763,-123132,28.10230211806545,25.37712422623696,24.717685,24.05824577376304
2024-02-14T05:00:00,23.88,23.9,23.8395,23.845,71950,24.509695289060804,29.660450256333988,-195082,28.076393284278065,25.438867474419105,24.677435000000003,23.9160025255809
2024-02-15T05:00:00,24.01,24.07,23.95,24.04,31949,24.447069250519363,35.266969610905946,-163133,28.065514977254946,25.45004488471428,24.641185,23.83232511528572
2024-02-16T05:00:00,23.8,23.97,23.8,23.95,38664,24.380793350450112,31.093344857389766,-201797,28.052135862159073,25.456500765380085,24.598185,23.739869234619917
2024-02-20T05:00:00,24.07,24.1,23.99,24.03,41188,24.33402090372343,34.34542012523666,-160609,28.03825480803963,25.44256741766915,24.557685,23.67280258233085
2024-02-21T05:00:00,23.9403,23.9428,23.85,23.92,34866,24.27881811656031,28.25108744562779,-195475,28.026258615407787,25.438171612213,24.516185000000004,23.594198387787007
2024-02-22T05:00:00,23.8,23.84,23.75,23.82,61063,24.2176423676856,19.036512787518134,-256538,28.004908892842742,25.401855044613054,24.458185000000004,23.514514955386954
2024-02-23T05:00:00,23.8,23.86,23.78,23.7852,31525,24.15998338532752,25.70590790616859,-288063,27.99388032390218,25.36030444069952,24.400444999999998,23.440585559300477
2024-02-26T05:00:00,23.76,23.76,23.676,23.73,40460,24.102652267283855,26.20101837502773,-328523,27.97962562243879,25.320244399006775,24.343445,23.366645600993223
2024-02-27T05:00:00,23.85,23.95,23.77,23.82,30676,24.06496529831267,23.22662367572552,-297847,27.969108890531043,25.23775455407989,24.284444999999998,23.331135445920108
2024-02-28T05:00:00,23.71,23.73,23.68,23.71,38483,24.017636591870982,22.326765552357813,-336330,27.955642841019838,25.167534775923716,24.225445,23.283355224076285
2024-02-29T05:00:00,23.97,24.16,23.901,23.98,68998,24.012618379621518,41.39414802065403,-267332,27.933232862422017,25.031507684071254,24.170444999999997,23.30938231592874
2024-03-01T05:00:00,23.74,23.9093,23.72,23.83,63553,23.98826926233865,36.52784169351124,-330885,27.912038967347996,24.77084402193754,24.093944999999998,23.417045978062458
2024-03-04T05:00:00,23.79,23.83,23.75,23.75,96972,23.956500027360168,35.27189912792315,-427857,27.879493411754765,24.68345665547496,24.047445,23.41143334452504
2024-03-05T05:00:00,23.9099,23.99,23.84,23.97,112340,23.958300023712148,53.773584905660286,-315517,27.844395797252513,24.602101201111196,24.016444999999997,23.4307887988888
2024-03-06T05:00:00,24.16,24.23,24.05,24.17,62694,23.986526687217193,59.103641456582686,-252823,27.826078382797732,24.473988344317853,23.987445,23.50090165568215
2024-03-07T05:00:00,24.63,24.66,24.51,24.56,200184,24.062989795588237,63.13131313131312,-52639,27.77490434619162,24.42451909494931,23.979944999999997,23.535370905050684
2024-03-08T05:00:00,24.98,25,24.8,24.91,104316,24.175924489509804,71.42857142857143,51677,27.75170246285689,24.604674200479003,24.012445,23.420215799520996
2024-03-11T04:00:00,24.98,24.98,24.8401,24.9,83385,24.272467890908498,70.04608294930868,-31708,27.733360242126764,24.741318906312866,24.042524999999998,23.34373109368713
2024-03-12T04:00:00,24.63,24.67,24.52,24.63,97734,24.320138838787365,65.23605150214584,-129442,27.71013951400921,24.798121107896364,24.06001,23.321898892103633
2024-03-13T04:00:00,24.57,24.71,24.55,24.62,133659,24.36012032694905,67.85714285714289,-263101,27.678838905495237,24.868429429291144,24.09851,23.328590570708858
2024-03-14T04:00:00,24.55,24.62,24.4,24.4389,82372,24.370624283355845,63.696936680216254,-345473,27.658739173052833,24.90252299791817,24.128205,23.353887002081834
2024-03-15T04:00:00,24.23,24.245,24.1396,24.17,74196,24.343874378908403,58.461538461538495,-419669,27.63935252312445,24.908134183506807,24.134705000000004,23.3612758164932
2024-03-18T04:00:00,24.09,24.199,24.08,24.14,139087,24.316691128387284,56.29921259842521,-558756,27.603275774630127,24.912979428489916,24.144205,23.375430571510083
2024-03-19T04:00:00,23.71,23.7285,23.5601,23.58,218762,24.21846564460231,47.8260869565217,-777518,27.539078127551548,24.927959315895425,24.121705,23.315450684104572
2024-03-20T04:00:00,23.35,23.6,23.2888,23.45,173701,24.116003558655336,40.7017543859649,-951219,27.487918509635907,24.952568834616144,24.098205,23.243841165383856
2024-03-21T04:00:00,23.43,23.43,23.28,23.34,122294,24.012536417501295,41.281138790035605,-1073513,27.451700367061147,24.983671284091937,24.074205,23.16473871590806
2024-03-22T04:00:00,23.41,23.47,23.37,23.41,86435,23.93219822850112,43.92857142857143,-987078,27.426910590645548,25.002677838271563,24.055445,23.108212161728435
2024-03-25T04:00:00,23.47,23.47,23.35,23.4,83337,23.861238464700975,38.99613899613901,-1070415,27.403236789174485,25.019199961680886,24.038945,23.05869003831911
2024-03-26T04:00:00,23.38,23.4,23.3304,23.4,78321,23.799740002740847,33.89121338912129,-1070415,27.38124022958855,25.033424467985437,24.017944999999994,23.00246553201455
2024-03-27T04:00:00,23.44,23.4599,23.37,23.45,63105,23.7531080023754,22.92682926829275,-1007310,27.363912560460307,25.042282375158145,24.004944999999996,22.967607624841847
2024-03-28T04:00:00,23.44,23.44,23.35,23.35,48665,23.699360268725346,6.666666666666728,-1055975,27.35031510260131,25.049440339162764,23.973444999999995,22.897449660837225
2024-04-01T04:00:00,23.36,23.389,23.25,23.31,55869,23.647445566228633,6.557377049180388,-1111844,27.334662970585804,25.06053912445668,23.947444999999995,22.834350875543308
2024-04-02T04:00:00,23.28,23.34,23.2501,23.3,45448,23.60111949073148,7.64331210191088,-1157292,27.321988117712692,25.070804341236958,23.924944999999997,22.779085658763037
2024-04-03T04:00:00,23.18,23.27,23.17,23.21,33434,23.548970225300614,7.272727272727323,-1190726,27.312507021379673,25.073975290220087,23.886944999999994,22.6999147097799
2024-04-04T04:00:00,23.26,23.39,23.2053,23.39,29278,23.527774195260534,18.193947480138306,-1161448,27.304603010991325,25.046412250240902,23.847944999999996,22.64947774975909
2024-04-05T04:00:00,23.25,23.27,23.2,23.24,34999,23.48940430255913,19.60784313725489,-1196447,27.29483578418745,24.961527430311673,23.781944999999997,22.60236256968832
2024-04-08T04:00:00,23.13,23.175,23.13,23.1348,47355,23.44212372888458,18.68925990530775,-1243802,27.28135389795448,24.783670705133265,23.693184999999996,22.602699294866728
2024-04-09T04:00:00,23.16,23.2099,23.14,23.1679,32707,23.405560565033305,30.891217657423823,-1211095,27.272167101838374,24.56734102460497,23.606579999999997,22.645818975395024
2024-04-10T04:00:00,22.95,23,22.77,22.8,102621,23.324819156362196,25.307703996353226,-1313716,27.241047189626116,24.415196273822446,23.51508,22.614963726177557
2024-04-11T04:00:00,22.75,22.77,22.67,22.7,44965,23.241509935513903,25.50145460113312,-1358681,27.227243583520703,24.23274255069285,23.419079999999997,22.605417449307144
2024-04-12T04:00:00,22.76,22.83,22.7,22.8,51230,23.18264194411205,27.174075737165197,-1307451,27.211963763531916,24.046946423618973,23.337134999999996,22.62732357638102
2024-04-15T04:00:00,22.39,22.4523,22.32,22.39,75526,23.076956351563776,20.91348922935157,-1382977,27.187553259116346,23.964255364952706,23.248134999999998,22.53201463504729
2024-04-16T04:00:00,22.27,22.36,22.24,22.3,64907,22.973362171355273,19.882816778009087,-1447884,27.166381642124225,23.863015284843197,23.156135,22.4492547151568
2024-04-17T04:00:00,22.27,22.41,22.25,22.39,32703,22.895580548507905,21.600042867859898,-1415181,27.15597978749857,23.849615077492093,23.096635,22.343654922507906
2024-04-18T04:00:00,22.35,22.35,22.25,22.31,29274,22.817503142040184,21.834037482396297,-1444455,27.146551299945102,23.84757593664079,23.039635,22.23169406335921
2024-04-19T04:00:00,22.31,22.31,22.25,22.27,28985,22.74450272310149,21.83403748239634,-1473440,27.137175061633478,23.847380224718254,22.986134999999997,22.12488977528174
2024-04-22T04:00:00,22.24,22.24,22.185,22.19,25614,22.670569026687957,21.036426260306925,-1499054,27.128783555164198,23.82939890898896,22.925134999999997,22.020871091011035
2024-04-23T04:00:00,22.21,22.25,22.18,22.1999,142927,22.607813156462896,22.49332825009529,-1356127,27.08256920714511,23.79431492475933,22.86513,21.93594507524067
2024-04-24T04:00:00,22.18,22.18,22.04,22.04,63838,22.532104735601177,12.83039647577094,-1419965,27.061539648270404,23.758295617570663,22.79713,21.835964382429335
2024-04-25T04:00:00,22,22.0298,21.94,21.98,169385,22.458490770854354,13.499420625724255,-1589350,27.005924901205155,23.698577580334454,22.723630000000004,21.748682419665553
2024-04-26T04:00:00,21.63,21.66,21.34,21.34,257119,22.309358668073774,10.306086341118217,-1846469,26.913333868100498,23.72519184236639,22.62313,21.52106815763361
2024-04-29T04:00:00,21.73,22.0609,21.6209,21.85,176425,22.248110845663938,25.93052562369877,-1670044,26.857187978470318,23.653947115467957,22.550130000000003,21.44631288453205
2024-04-30T04:00:00,21.47,21.64,21.38,21.3902,130994,22.133722732908748,25.088351710489135,-1801038,26.812544320490844,23.61160386356705,22.45464,21.29767613643295
2024-05-01T04:00:00,21.42,21.54,21.36,21.41,130092,22.037226368520916,26.540336073325122,-1670946,26.769083158241287,23.552203127416814,22.36464,21.17707687258319
2024-05-02T04:00:00,22.12,22.58,22.12,22.58,200120,22.10959618605146,47.119966486882724,-1470826,26.71787719979435,23.420838929332938,22.324140000000007,21.227441070667076
2024-05-03T04:00:00,22.83,22.8425,22.6,22.66,97685,22.1829833612446,53.86885997592709,-1373141,26.693808414547544,23.321875127284542,22.295140000000004,21.268404872715465
2024-05-06T04:00:00,22.44,22.44,22.33,22.3585,63130,22.20638557974532,50.79034829365828,-1436271,26.677253703022217,23.209192104847265,22.256325000000004,21.303457895152743
2024-05-07T04:00:00,22.25,22.25,22.11,22.12,30810,22.194867502445945,46.49295994180911,-1467081,26.668776508922466,23.060958517845233,22.20393,21.346901482154767
2024-05-08T04:00:00,21.9,21.93,21.85,21.8521,63626,22.149165168786485,44.3291308547792,-1530707,26.65034443464967,22.980676806426537,22.156534999999998,21.33239319357346
2024-05-09T04:00:00,21.84,21.8899,21.818,21.8895,33896,22.114543146281623,45.28465561256106,-1496811,26.640658532359996,22.90836807031922,22.11601,21.32365192968078
2024-05-10T04:00:00,21.85,21.85,21.7601,21.8081,35907,22.073684060110743,45.26894774658704,-1532718,26.630265820081764,22.80356213938263,22.066415,21.329267860617367
2024-05-13T04:00:00,21.77,21.81,21.6501,21.66,33752,22.01852618542931,43.533047457058686,-1566470,26.620238733820177,22.771636029161236,22.029915000000003,21.28819397083877
2024-05-14T04:00:00,21.58,21.64,21.58,21.63,28437,21.966722694038737,44.93126298091189,-1594907,26.611771078579675,22.746787111088892,21.996415000000002,21.246042888911113
2024-05-15T04:00:00,21.94,22.09,21.78,22.05,79338,21.977826334833573,50.79465988556897,-1515569,26.590276860477132,22.70845186127658,21.979415000000003,21.250378138723427
2024-05-16T04:00:00,21.98,22.0353,21.915,21.9661,30578,21.976262823522433,58.13476080347166,-1546147,26.581894574678586,22.675305017652175,21.962220000000002,21.24913498234783
2024-05-17T04:00:00,21.8,21.99,21.8,21.84,27161,21.958094447052776,49.855674864334354,-1573308,26.574271715669166,22.64120774607412,21.94072,21.24023225392588
2024-05-20T04:00:00,21.7,21.73,21.6651,21.6651,35919,21.919028520779076,54.32300676206948,-1609227,26.563857407901768,22.61496986472065,21.914475,21.21398013527935
2024-05-21T04:00:00,21.7,21.79,21.668,21.69,16429,21.8884913846752,54.39615650317152,-1592798,26.55913285516026,22.58315389348779,21.88898,21.19480610651221
2024-05-22T04:00:00,21.6,21.64,21.55,21.5665,28198,21.845559200051838,26.299050558907652,-1620996,26.55084002595959,22.569487244805988,21.865305,21.16112275519401
2024-05-23T04:00:00,21.56,21.56,21.41,21.4847,48825,21.797444640044926,22.538436375531717,-1669821,26.53631131901457,22.56148414319002,21.840539999999997,21.119595856809973
2024-05-24T04:00:00,21.44,21.51,21.4001,21.4714,39421,21.75397202137227,26.04633579953571,-1709242,26.52461086858544,22.551902598996325,21.847109999999997,21.14231740100367
2024-05-28T04:00:00,21.5,21.5599,21.39,21.4199,44935,21.709429085189303,28.972187180873533,-1754177,26.51120432262864,22.554565049591194,21.825604999999996,21.0966449504088
2024-05-29T04:00:00,21.38,21.38,21.24,21.26,57028,21.649505207164065,30.98220594848094,-1811205,26.493759646060248,22.56560657653448,21.819094999999997,21.072583423465513
2024-05-30T04:00:00,21.55,21.55,21.4463,21.47,93600,21.625571179542188,37.870814780547,-1717605,26.466516388952524,22.56246332313383,21.822095,21.08172667686617
2024-05-31T04:00:00,21.47,21.508,21.31,21.3357,57823,21.586921688936563,36.74671754011897,-1775428,26.449385143726328,22.441858335726288,21.75988,21.07790166427371
2024-06-03T04:00:00,21.52,21.68,21.475,21.67,90393,21.597998797078354,50.25401341190819,-1685035,26.424568232744978,22.25339558946314,21.71038,21.167364410536862
2024-06-04T04:00:00,21.99,22.0708,21.8842,22,96379,21.651598957467908,58.15552812555106,-1588656,26.400207158658127,22.168212028219237,21.692455,21.21669797178076
2024-06-05T04:00:00,21.7,21.72,21.49,21.6371,71635,21.649665763138856,40.6638628860851,-1660291,26.38079449648575,22.101976594978215,21.668309999999998,21.23464340502178
2024-06-06T04:00:00,21.62,21.79,21.56,21.79,97304,21.66837699472034,46.13866596500457,-1562987,26.355519542175823,22.094429987506555,21.665205,21.235980012493446
2024-06-07T04:00:00,21.46,21.4965,21.389,21.4728,37475,21.64230006209096,42.57101238164602,-1600462,26.345188232956286,22.06844545130554,21.644369999999995,21.22029454869445
2024-06-10T04:00:00,21.4,21.46,21.36,21.3732,21954,21.606420053812165,43.908851884312035,-1622416,26.339032812933425,22.055399467245927,21.622624999999996,21.189850532754065
2024-06-11T04:00:00,21.35,21.41,21.27,21.354,62268,21.57276404663721,42.97188755020075,-1684684,26.3215896766669,22.05510829524447,21.607324999999996,21.159541704755522
2024-06-12T04:00:00,21.69,21.69,21.34,21.4103,54812,21.55110217375225,46.63825757575753,-1629872,26.306508778314825,22.05206814001332,21.596339999999998,21.140611859986677
2024-06-13T04:00:00,21.3099,21.43,21.2903,21.3461,34545,21.52376855058528,46.99427480916029,-1664417,26.296927597999243,21.97839302923441,21.561145,21.14389697076559
2024-06-14T04:00:00,21.22,21.33,21.22,21.28,31539,21.49126607717391,45.94216417910451,-1695956,26.288096048290278,21.9172236287551,21.52684,21.1364563712449
2024-06-17T04:00:00,21.13,21.155,21.05,21.1398,32662,21.444403933550724,44.27689918679257,-1728618,26.278727626384185,21.88912426424251,21.491829999999997,21.094535735757482
2024-06-18T04:00:00,21.08,21.17,21.061,21.13,8857,21.402483409077295,47.170222028733065,-1737475,26.27618821849399,21.883595135118966,21.465075,21.04655486488103
2024-06-20T04:00:00,20.91,20.93,20.82,20.83,60314,21.32615228786699,36.59405111018013,-1797789,26.257957638590508,21.910243929265267,21.422074999999996,20.933906070734725
2024-06-21T04:00:00,20.8,20.815,20.61,20.63,96844,21.233331982818058,35.61381334855464,-1894633,26.227870197810685,21.967570374459626,21.375249999999994,20.782929625540362
2024-06-24T04:00:00,20.64,20.7,20.57,20.6091,86675,21.15010105177565,25.204506146870415,-1981308,26.20111403606142,22.008358451962355,21.331469999999996,20.654581548037637
2024-06-25T04:00:00,20.6,20.6384,20.58,20.61,40665,21.078087578205565,11.60645232570974,-1940643,26.188650575934957,22.030657090232214,21.288399999999996,20.546142909767777
2024-06-26T04:00:00,20.4,20.44,20.315,20.36,124894,20.982342567778158,12.378483473752297,-2065537,26.149016760397,22.077211729540693,21.235404999999997,20.3935982704593
2024-06-27T04:00:00,20.41,20.41,20.31,20.4,77786,20.9046968920744,6.134814440797612,-1987751,26.12477210974259,22.10930297136868,21.192405,20.27550702863132
2024-06-28T04:00:00,20.4,20.4399,20.23,20.3,96150,20.824070639797817,7.109420713867607,-2083901,26.094566254407493,22.119236634476437,21.133905000000002,20.148573365523568
2024-07-01T04:00:00,20.18,20.2,20.05,20.1193,128865,20.730101221158108,6.7113167161497955,-2212766,26.053323548201554,22.14724632731541,21.073085000000003,19.998923672684594
2024-07-02T04:00:00,20.13,20.17,20.06,20.13,60748,20.650087725003697,7.494096402277933,-2152018,26.0341129205771,22.108167243856094,20.996085,19.884002756143907
2024-07-03T04:00:00,20.11,20.2535,20.05,20.09,63714,20.57540936166987,3.6248682824023177,-2215732,26.013962168422193,21.978951754448595,20.900585,19.822218245551404
2024-07-05T04:00:00,20.28,20.29,20.09,20.29,47341,20.537354780113887,16.13544539216298,-2168391,25.999580443997075,21.887174975983093,20.83323,19.779285024016907
2024-07-08T04:00:00,20.3,20.37,20.2703,20.32,78081,20.50837414276537,18.487394957983085,-2090310,25.976141265027753,21.73890835576569,20.75973,19.78055164423431
2024-07-09T04:00:00,20.2,20.23,20.1,20.16,57476,20.46192425706332,18.250162022034885,-2147786,25.95852617240946,21.64897075883851,20.694090000000003,19.739209241161497
2024-07-10T04:00:00,20.1,20.1,20.01,20.07,73380,20.409667689454878,17.348447511089105,-2221166,25.93584467541554,21.567265520163236,20.628930000000004,19.690594479836772
2024-07-11T04:00:00,20.71,20.8619,20.666,20.76,176581,20.45637866419423,48.261474269819274,-2044585,25.888310530642965,21.479704733538675,20.59923,19.718755266461322
2024-07-12T04:00:00,20.94,21.08,20.8298,20.9904,105698,20.527581508968332,58.81777255823065,-1938887,25.861532588532846,21.39830114434447,20.578235000000003,19.758168855655537
2024-07-15T04:00:00,20.94,21.07,20.9001,20.9697,115898,20.586530641105888,58.82352941176467,-2054785,25.832381728802847,21.323494412823045,20.559415000000005,19.795335587176965
2024-07-16T04:00:00,20.79,20.89,20.6935,20.8863,81212,20.626499888958435,56.49842419681074,-2135997,25.81181450619816,21.246687965087037,20.539730000000002,19.832772034912967
2024-07-17T04:00:00,21.35,21.51,21.21,21.51,162423,20.74429990376398,73.00368058889423,-1973574,25.77633345495272,21.34225980689266,20.55824,19.774220193107343
2024-07-18T04:00:00,21.36,21.37,21.08,21.12,149712,20.794393249928785,62.633352049410455,-2123286,25.741200980410692,21.340312052657136,20.557740000000003,19.77516794734287
2024-07-19T04:00:00,21.03,21.0885,20.99,20.99,30825,20.82047414993828,61.98083067092644,-2154111,25.73383144027396,21.36242541947245,20.565739999999998,19.769054580527545
2024-07-22T04:00:00,21.25,21.29,21.14,21.19,63306,20.869744263279845,68.467349684363,-2090805,25.71940298833874,21.435574839858745,20.59374,19.751905160141256
2024-07-23T04:00:00,21.4233,21.64,21.39,21.64,95281,20.97244502817587,72.61697921035284,-1995524,25.699999272153967,21.602856491378056,20.645284999999998,19.68771350862194
2024-07-24T04:00:00,21.98,22.2191,21.95,22.01,163767,21.110785691085752,76.17087399814616,-1831757,25.6700767236187,21.842042986925318,20.715284999999998,19.58852701307468
2024-07-25T04:00:00,22,22.185,21.9002,22.01,136578,21.230680932274318,74.7967245256905,-1831757,25.64549062136074,22.043726596183383,20.797784999999998,19.551843403816612
2024-07-26T04:00:00,22.02,22.18,21.895,22.027,63743,21.336856807971074,74.70189858763595,-1768014,25.634181749847777,22.219450818417435,20.879134999999998,19.53881918158256
2024-07-29T04:00:00,21.99,22,21.88,21.9634,50594,21.420395900241598,76.84589734428953,-1818608,25.62509850714486,22.35400329557271,20.962304999999994,19.570606704427277
2024-07-30T04:00:00,21.87,22.2299,21.7501,22.165,104345,21.51967644687605,80.18384047948351,-1714263,25.60753008629959,22.493624228981233,21.064589999999995,19.63555577101876
2024-07-31T04:00:00,23,23.21,22.6601,23.16,218247,21.738386253959245,81.78471155374254,-1496016,25.581810671018413,22.84513473468349,21.21609,19.58704526531651
2024-08-01T04:00:00,22.89,23.215,22.8301,23.09,107142,21.918601420098014,79.04011065006904,-1603158,25.569022015129725,23.10173937346228,21.36609,19.63044062653772
2024-08-02T04:00:00,23.82,24.1799,23.8008,24.17,355884,22.21878789741828,84.23293327343124,-1247274,25.54557206506459,23.610144406009752,21.56009,19.510035593990246
2024-08-05T04:00:00,25.53,25.65,24.63,25.03,563407,22.59361617776251,88.00931956190715,-683867,25.532244633715642,24.26163389814942,21.795589999999997,19.329546101850575
2024-08-06T04:00:00,24.87,24.95,24.56,24.58,292181,22.858467354060842,79.08739483059189,-976048,25.51964807152177,24.64367305685222,22.01659,19.389506943147783
2024-08-07T04:00:00,23.88,24.1832,23.73,23.95,172314,23.004005040186065,75.64706735300508,-1148362,25.507497423758792,24.806893855021592,22.210589999999996,19.6142861449784
2024-08-08T04:00:00,24,24,23.63,23.82,129628,23.112804368161257,75.64706735300513,-1277990,25.497727373734673,24.96057970879747,22.363589999999995,19.76660029120252
2024-08-09T04:00:00,24.1,24.1442,24,24.08,64862,23.241763785739757,75.90905830882878,-1213128,25.49363211272481,25.137417584495033,22.518069999999994,19.898722415504956
2024-08-12T04:00:00,23.52,23.9299,23.52,23.84,83539,23.321528614307788,70.49485765389774,-1296667,25.48750276935692,25.240073976338657,22.661584999999995,20.083096023661334
2024-08-13T04:00:00,23.89,24.06,23.855,23.95,37247,23.405324799066747,68.99279448621552,-1259420,25.48496602998682,25.316053290712986,22.81477,20.313486709287012
2024-08-14T04:00:00,23.76,24.05,23.76,23.86,115704,23.465948159191182,67.79804510120832,-1375124,25.476680102848324,25.39787526045837,22.93227,20.466664739541628
2024-08-15T04:00:00,23.32,23.42,23.25,23.31,122040,23.445155071299027,61.19507172524517,-1497164,25.46508923625816,25.366188159540144,23.04177,20.717351840459855
2024-08-16T04:00:00,23.71,23.71,23.52,23.71,48449,23.48046772845916,64.39521313421027,-1448715,25.461369761825402,25.316996500490305,23.17777,21.038543499509693
2024-08-19T04:00:00,24.09,24.22,24.01,24.19,56748,23.575072031331274,65.95744680851064,-1391967,25.45822169967809,25.30285633239157,23.327769999999997,21.352683667608424
2024-08-20T04:00:00,24.2,24.54,24.1821,24.54,106808,23.703729093820435,62.10526315789473,-1285159,25.453962255773483,25.35453853528801,23.472769999999997,21.591001464711983
2024-08-21T04:00:00,24.43,24.8,24,24.585,66065,23.821231881311043,63.171806167400895,-1219094,25.45147609281209,25.416518201211225,23.601519999999997,21.78652179878877
2024-08-22T04:00:00,24.23,24.28,24.0639,24.1321,57394,23.862680963802905,49.62459636680599,-1276488,25.4482048391692,25.380616700965664,23.707624999999997,22.03463329903433
2024-08-23T04:00:00,24.16,24.88,24.075,24.835,101746,23.99232350196252,48.00646111065674,-1174742,25.445521365569356,25.4002322643497,23.848024999999993,22.295817735650285
2024-08-26T04:00:00,24.91,24.91,24.69,24.71,95681,24.088013701700852,51.423627841780224,-1270423,25.442506889583928,25.316575183853892,23.985354999999995,22.654134816146097
2024-08-27T04:00:00,24.7,24.95,24.7,24.91,43933,24.197611874807407,61.60597707819529,-1226490,25.44150668136541,25.220353667910825,24.122604999999997,23.02485633208917
2024-08-28T04:00:00,24.62,24.7911,24.5608,24.6685,61051,24.260396958166417,59.98869870270527,-1287541,25.43949426307565,25.225928345363,24.198029999999996,23.170131654636993
2024-08-29T04:00:00,24.38,24.54,24.3,24.49,148479,24.291010697077564,54.92102357290317,-1436020,25.43352035502347,25.167184162755195,24.268029999999996,23.368875837244797
2024-08-30T04:00:00,24.34,24.34,24.04,24.04,93120,24.25754260413389,52.28529640294346,-1529140,25.42804329959327,25.165292561959724,24.26153,23.357767438040277
2024-09-03T04:00:00,24.28,24.3899,24.1201,24.2399,91039,24.255190256916038,53.24585171417694,-1438101,25.42349528804996,25.054207991594993,24.222024999999995,23.389842008404997
2024-09-04T04:00:00,24.56,24.96,24.52,24.95,107349,24.347831555993903,60.71611152621022,-1330752,25.42136772176629,25.118887016198332,24.240524999999998,23.362162983801664
2024-09-05T04:00:00,25.04,25.17,24.77,25,68999,24.434787348528047,68.42644685769113,-1261753,25.420154274194037,25.219833681174272,24.293024999999997,23.36621631882572
2024-09-06T04:00:00,25.12,25.6133,24.865,25.4,127910,24.56348236872431,68.42644685769112,-1133843,25.42004725139825,25.38904935147837,24.372025,23.35500064852163
2024-09-09T04:00:00,25.23,25.32,25.1049,25.22,138561,24.6510180528944,62.01642633813989,-1272404,25.41890309031979,25.500518878423954,24.429025000000003,23.357531121576052
2024-09-10T04:00:00,25.16,25.48,25.1,25.44,94703,24.756215645841813,60.82824005005055,-1177701,25.418985239221175,25.630418388378942,24.509025,23.38763161162106
2024-09-11T04:00:00,25.43,25.79,25.36,25.43,137568,24.846053559729572,60.25286352164626,-1315269,25.419047192182493,25.741798632552968,24.583025,23.42425136744703
2024-09-12T04:00:00,25.47,25.6,25.255,25.55,143682,24.93991308509896,68.71617518941892,-1171587,25.41981198350588,25.849324657936993,24.667524999999998,23.485725342063002
2024-09-13T04:00:00,25.99,26.11,25.8,25.99,123453,25.079924673752434,66.38297872340422,-1048134,25.422658880032735,25.94434590963545,24.801525,23.65870409036455
2024-09-16T04:00:00,26.11,26.1399,25.85,25.97,109949,25.198601383918778,68.4210526315789,-1158083,25.425081997057617,26.05019441998981,24.914524999999998,23.778855580010184
2024-09-17T04:00:00,25.83,25.83,25.33,25.33,136795,25.216121199396273,55.440414507772,-1294878,25.424561152644724,26.06983535299682,24.971525,23.87321464700318
2024-09-18T04:00:00,25.5,26,25.23,25.43,152044,25.244638372810105,60.23934382143333,-1142834,25.424594066554356,26.112912292067872,25.016024999999996,23.91913770793212
2024-09-19T04:00:00,24.97,25.23,24.9,25.23,172999,25.24268658976876,59.89304812834227,-1315833,25.423263316975433,26.130403472733253,25.048275,23.966146527266748
2024-09-20T04:00:00,24.81,24.8199,24.55,24.68,195533,25.167661711132926,58.33333333333333,-1511366,25.41756243560142,26.08920345105132,25.07567,24.06213654894868
2024-09-23T04:00:00,24.7599,24.94,24.5579,24.9,160997,25.13197348298187,58.550296624439774,-1350369,25.414314363374178,26.08975895176235,25.078920000000004,24.06808104823766
2024-09-24T04:00:00,24.74,24.95,24.5932,24.94,96260,25.106377018584286,49.843260188087804,-1254109,25.41254127349308,26.089372324387906,25.09042,24.091467675612098
2024-09-25T04:00:00,24.75,24.75,24.36,24.36,109838,25.00686008277305,41.3978494623656,-1363947,25.40807071460402,26.109377426941013,25.062920000000002,24.01646257305899
2024-09-26T04:00:00,24.45,24.5,24.23,24.43,126810,24.92994540506998,35.69321533923309,-1237137,25.403297956947064,26.120344541497076,25.050995000000004,23.981645458502932
2024-09-27T04:00:00,24.96,25.36,24.96,25.27,101082,24.975286017727317,50.61728395061729,-1136055,25.402781472874704,26.131183744608776,25.089995000000002,24.048806255391227
2024-09-30T04:00:00,25.11,25.11,24.66,24.7,136959,24.938581215363676,41.59090909090908,-1273014,25.39911121600873,26.066201934823955,25.122995,24.179788065176044
2024-10-01T04:00:00,24.72,24.97,24.65,24.75,38596,24.91343705331519,42.342342342342356,-1234418,25.398157304042623,26.01964350138195,25.148500000000002,24.277356498618055
2024-10-02T04:00:00,24.19,24.19,23.73,23.73,157112,24.7556454462065,32.95880149812734,-1391530,25.38823750268303,26.154530927386833,25.087500000000002,24.02046907261317
2024-10-03T04:00:00,23.68,23.77,23.5505,23.61,74778,24.602892720045634,26.294820717131515,-1466308,25.383218784770392,26.26471728952477,25.017999999999997,23.771282710475223
2024-10-04T04:00:00,23.14,23.1999,22.97,23.03,142182,24.393173690706217,23.65591397849468,-1608490,25.370658144338286,26.40262308211936,24.8995,23.39637691788064
2024-10-07T04:00:00,23.2,23.32,23.18,23.22,69414,24.23675053194539,29.4346978557505,-1539076,25.365068385495842,26.461721104426246,24.799500000000002,23.137278895573758
2024-10-08T04:00:00,23.25,23.298,23.12,23.16,13670,24.093183794352672,27.70137524557957,-1552746,25.36394029755298,26.46497717040709,24.685500000000005,22.90602282959292
2024-10-09T04:00:00,22.97,22.97,22.82,22.88,48723,23.931425955105652,27.272727272727266,-1601469,25.35941927810886,26.46656595379882,24.558,22.64943404620118
2024-10-10T04:00:00,23.04,23.16,22.95,23.1,38897,23.82056916109157,33.67768595041325,-1562572,25.35614101694673,26.387662646912396,24.435500000000005,22.483337353087613
2024-10-11T04:00:00,22.96,22.97,22.845,22.96,52397,23.705826606279363,29.621848739495846,-1614969,25.351466880302173,26.20005219135597,24.284000000000002,22.367947808644036
2024-10-14T04:00:00,22.75,22.78,22.6401,22.78,82478,23.58238305877545,27.959183673469397,-1697447,25.343595150624754,25.982826935713952,24.1245,22.26617306428605
2024-10-15T04:00:00,22.84,22.9473,22.75,22.9,88661,23.491398650938724,33.558558558558545,-1608786,25.335580469951683,25.847875063520565,24.003000000000004,22.158124936479442
2024-10-16T04:00:00,22.87,22.87,22.675,22.71,113880,23.38721216414689,31.140350877192972,-1722666,25.324565802782267,25.6716284936241,23.866999999999997,22.062371506375893
2024-10-17T04:00:00,22.65,22.7,22.52,22.6,94970,23.28225054226064,15.143603133159246,-1817636,25.315067071810546,25.506663177124004,23.7355,21.964336822875993
2024-10-18T04:00:00,22.7,22.8,22.63,22.8,108371,23.217950469959224,22.54335260115603,-1709265,25.305101087832476,25.40169629587157,23.6415,21.88130370412843
2024-10-21T04:00:00,22.65,22.67,22.405,22.52,118563,23.124890407297993,19.78319783197827,-1827828,25.29307930159384,25.247734766633222,23.522499999999997,21.797265233366772
2024-10-22T04:00:00,22.47,22.4742,22.3,22.36,35794,23.02290501965826,25.795053003533496,-1863622,25.289262080437194,25.060320626222268,23.3935,21.72667937377773
2024-10-23T04:00:00,21.84,21.91,21.75,21.85,191907,22.866517683703826,22.670807453416117,-2055529,25.26543067941279,25.001477429907872,23.268,21.53452257009213
2024-10-24T04:00:00,21.96,22.16,21.95,22.05,108933,22.757648659209984,32.74647887323938,-1946596,25.252833095531656,24.873806076056084,23.148999999999997,21.42419392394391
2024-10-25T04:00:00,22.01,22.05,21.9284,22.03,120592,22.66062883798199,27.715355805243448,-2067188,25.238915461349073,24.477195960268315,22.987000000000002,21.49680403973169
2024-10-28T04:00:00,21.81,21.84,21.67,21.72,165823,22.53521165958439,25.34246575342462,-2233011,25.21814283492501,24.20403953090678,22.838000000000005,21.47196046909323
2024-10-29T04:00:00,21.57,21.6773,21.54,21.64,48890,22.41585010497314,27.20588235294116,-2281901,25.21192612912367,23.83368851627351,22.682500000000005,21.531311483726498
2024-10-30T04:00:00,21.71,21.77,21.64,21.67,67805,22.316403424310053,21.739130434782552,-2214096,25.20341203182672,23.70572333486747,22.579500000000003,21.453276665132535
2024-10-31T04:00:00,21.82,22.07,21.73,22.07,86912,22.283549634402046,34.05017921146947,-2127184,25.193787080153264,23.54374684873473,22.502500000000005,21.46125315126528
2024-11-01T04:00:00,21.922,21.98,21.7,21.77,194095,22.215076349815106,32.64604810996558,-2321279,25.17046037642438,23.497790602811914,22.439500000000002,21.38120939718809
2024-11-04T05:00:00,21.99,22.09,21.95,21.99,117442,22.185066169839757,34.88372093023253,-2203837,25.157402906737165,23.38964420623063,22.378000000000004,21.366355793769376
2024-11-05T05:00:00,21.97,22.1699,21.95,22.16,139223,22.181724013861125,40.80267558528427,-2064614,25.142885362794555,23.2770121179416,22.328,21.3789878820584
2024-11-06T05:00:00,21.33,21.4,21.212,21.22,168235,22.05349414534631,31.93717277486907,-2232849,25.120059634801702,23.273425981779923,22.244999999999997,21.216574018220072
2024-11-07T05:00:00,21.46,21.71,21.46,21.71,220981,22.007694925966803,36.7396593673966,-2011868,25.094194608059194,23.149860816125113,22.175499999999996,21.20113918387488
2024-11-08T05:00:00,21.73,21.81,21.67,21.72,64785,21.969335602504565,39.58333333333332,-1947083,25.086708157554753,23.03676106817086,22.1135,21.190238931829136